400 Chrysler Dodge Jeep Ram,400chryslerdealer.com
400 Chrysler Dodge Jeep Ram,ramtruck.ca
Finnegan Chrysler Jeep Dodge,finneganchryslerjeepdodge.com
400 Infiniti,400infiniti.com
Finnin KIA,finnin-kia.com
401 Dixie Kia,401dixiekia.com
First Honda,1sthonda.com
First KIA,1stkia.com
613 Automotive Group,613auto.com
First Nissan,1stnissan.com
Flagler Chrysler Dodge Jeep,flaglerchryslerdodgejeep.net
A-1 Toyota,a1toyota.com
Flemington Chevrolet Buick GMC Cadillac,flemingtongm.com
Flemington Chevrolet Buick GMC Cadillac,gmdealersecureforms.cdk.com
ABC Hyundai,abchyundai.com
Flemington Volkswagen,flemingtonvw.com
ALFA ROMEO AND FIAT OF SAN DIEGO,alfaromeoofsd.com
Florida Auto Exchange,ssl-flautoexchangecom.dcs-cms.co
Florida Auto Exchange,flautoexchange.com
Fontana Nissan,fontananissan.com
ARC Auto Store,arcautostore.financing.dealer.co
ARC Auto Store,arcautostore.com
Aberdeen Chrysler Center,aberdeenchryslercenter.net
Aberdeen Chrysler Center,aberdeenchrysler.com
Acadiana Dodge Chrysler Jeep,acadianadodge.net
Acadiana Dodge Chrysler Jeep,WWW.ACADIANADODGE.NET
Acura Carland,acuracarland.com
Acura De San Juan,acurapr.com
Foreign Cars Charlotte,foreigncarscharlotte.com
Acura Of Maui,acuraofmaui.com
Foreign Cars Italia,foreigncarsitalia.com
Acura Of Pleasanton,acuraofpleasanton.com
Forest Lake Auto Group,forestlakeautogroup.com
Forest Lake Chevrolet Cadillac,forestlakechevrolet.com
Forest Lake Chevrolet Cadillac,forestlakefamilychevcad.com
Acura of Baton Rouge,acuraofbatonrouge.com
Forest Lake Chrysler Dodge Jeep And Ram,forestlakecdjr.com
Forest Lake Chrysler Dodge Jeep And Ram,forestlakechrysler.com
Acura of Fremont,acuraoffremont.com
Acura of Fremont,acuraoffremontoffers.com
Foster Motors Inc,fostermotors.com
Acura of Huntington,acuraofhuntington.com
Francois Ford,francoisford.com
Acura of Rochester,acuraofrochester.com
Addy's Harbor Dodge Inc,addysharbordodge.net
Fred Anderson Kia,kiaofraleigh.com
Fred Anderson Nissan Fayetteville,fayettevillenissan.com
Adventure Subaru,adventureneosubaru.com
Fred Anderson Nissan Raleigh,nissanofraleigh.com
Airport Marina Honda,airportmarinahonda.com
Fred Anderson Nissan of Asheville,andersonnissan.com
Al Deeby Chrysler Dodge Jeep Ram,aldeeby.com
Fred Anderson Toyota Charleston,toyotaofcharleston.com
Al's Trailers,alstrailers.com
Maserati of Newport Beach,maseratiofnewportbeach.com
Fred Anderson Toyota Raleigh,fredandersontoyota.com
Alfa Romeo Of Tysons,alfaromeousaofvienna.com
Alfa Romeo Of Tysons,maseratioftysons.com
Maserati of San Diego,maseratiofsandiego.com
Fred Anderson Toyota Sanford,toyotaofsanford.com
Alfa Romeo of Washington,alfaromeousaofsterlingva.com
Maserati of Washington,maseratiofwashington.com
Fred Haas Nissan,fredhaasnissan.com
Massey Hyundai,masseyauto.com
Fred Haas Toyota Houston,fredhaastoyota.com
All American Chevy!,aachevy.com
Fredy kia,fredykia.com
Master Buick Gmc,masterbuickgmc.com
All American Chrysler Dodge Jeep Ram,allamericanjeep.net
Freedom Buick GMC,freedombg.com
Master Chevrolet Cadillac,masterchevycadillac.com
All American Mazda In Brick,allamericanmazda.com
Freedom Jeep Chrysler,freedomjeepchrysler.com
Matt Taylor Kia,matttaylorkia.com
All American Motors,aamotors.net
Freedom Kia of Clarksburg,freedomkiaofclarksburg.com
Max Motors Butler CJDR,maxchryslerjeepdodge.com
Freedom Kia of Morgantown,freedomkia.net
All American Subaru in Old Bridge,allamericansubaru.com
Max Motors of Nevada,maxmotors71.com
Freedom Volkswagen of Morgantown,freedomvolkswagen.net
All Star Dodge,allstardodgetexas.com
Maxon Mazda Hyundai,yesmaxon.com
Maxon Mazda Hyundai,maxonmazda.com
Freehold Subaru,freeholdsubaru.com
Freestone Chrysler Jeep Dodge,freestonechryslerdodgejeep.com
Allen Samuels Auto Direct,allensamuelsdirect.com
Mazda City Of Orange Park,mazdacity.com
Allen Samuels CDJR Aransas Pass,allensamuelsap.com
Freeway Honda,freewayhondaal.com
Mazda Santa Anita,mazdasantaanita.com
Mazda de Puerto Rico,mazdapr.com
Freeway Mazda,freewaymazda.ca
Allen Samuels Chrysler Dodge Jeep Ram Oxford,allensamuelsoxford.com
Mazda of Wesley Chapel,mazdaofwesleychapel.com
Freysinger Hyundai,freysingerhyundai1.com
Allen Samuels Dodge Chrysler Jeep,allensamuelsdodgechryslerjeep.com
Allen Samuels Dodge Chrysler Jeep,allensamuelsdodgechryslerjeep.co
Freysinger Mazda,freysingermazda1.com
McClellan Wheaton Chevrolet Ltd.,mcclellanwheatonchevrolet.ca
Friendly Dodge Chrysler Jeep,friendlydodgechryslerjeep.com
Allen Toyota,allentoyota.com
McDonald Volkswagen,mcdonaldvw.com
Friendly Ford NY,friendlyfordny.com
Allstar Dodge Chrysler Jeep,allstardodgechryslerjeep.com
McFarland Ford,mcfarlandford.com
Amarillo Hyundai,amarillohyundai.com
Friendly Honda,friendlyhonda.net
Amato Auto Group,amatoauto.com
Friendly KIA,friendlykia.com
McGeorge Certified Sales Center,mcgeorgetoyotapreowned.com
Amato Hyundai,johnamatohyundai.com
Frio Chevrolet,friochevrolet.com
McGeorge Toyota,mcgeorgetoyota.com
Frontier Dodge,frontierdodge.com
Ancira Automotive Group,ancira.com
Frontier Toyota,frontiertoyota.com
Ancira Buick GMC,anciragmcbuick.com
Fullerton Auto Group,fullertonford.com
Fullerton Auto Group,fullertoncjdr.com
Fullerton Auto Group,fullerton.com
McGovern Chrysler Jeep Dodge RAM,mcgoverncjdrofnewton.com
Ancira CDJR Eagle Pass,ancirachryslerdodgejeepram.com
Fullerton FIAT,fullertonfiat.com
McGovern Dedham Auto mall,dedhamauto.com
Ancira Ford Eagle Pass,ancirafordeaglepass.com
McGovern Honda in Brockton,mcgovernhonda.com
Ancira Kia,ancirakiasa.com
Fury Chrysler Dodge Jeep Ram South St. Paul,saintpaul.furymotors.com
Fury Chrysler Dodge Jeep Ram South St. Paul,furymotors.net
McGovern Hyundai of Brockton,mcgovernhyundai.com
Ancira Nissan,anciranissansa.com
Fury Chrysler Jeep Dodge Ram Stillwater,furychryslerdodgejeepram.com
Fury Chrysler Jeep Dodge Ram Stillwater,stillwater.furymotors.com
McGovern Subaru,mcgovernsubaru.com
Ancira Volkswagen,anciravolkswagen.com
Fury Ram Truck Center Lake Elmo,ramtrucklakeelmo.furymotors.com
McGovern's RV,mcgovernsrv.com
Ancira Winton Chevrolet,ancirachev.com
Anderson Auto Group,andersonautogroup.com
Future Ford of Clovis,futurefordclovis.com
McGrath Auto Group,mcgrathauto.com
Anderson KIA,andersonkia.com
Future Kia of Clovis,cloviskia.com
McGrath City Hyundai,mcgrathhyundai.com
Future Nissan of Folsom,futurenissanoffolsom.com
McGrath Hyundai,mcgrathhyundaicr.com
Anderson Nissan,driveandersonnissan.com
Future Nissan of Roseville,futurenissan.com
McGrath Kia,mcgrathkia.com
Apple Chrysler Dodge Jeep Ram,applecdjr.com
GSL GM City,gslgmcity.com
McGrath Lexus of Chicago,mcgrathlexusofchicago.com
Apple Leasing,appleleasing.com
McGrath Volkswagen of Dubuque,mcgrathhyundaiofdubuque.com
McGrath Volkswagen of Dubuque,mcgrathvwofdubuque.com
Gainesville Buick GMC,gainesvillebuickandgmc.com
McGrath Volkswagen of Marion,marionusedcar.com
Gainesville Chrysler Dodge Jeep,gainesvilledodge.com
Apple Sport Chevrolet,applesportchevy.com
Galleria BMW,galleriabmw.com
McInerney's Woodhaven Chrysler Jeep Dodge Inc,woodhavencjd.com
Apple Sport Imports,applesi.com
McKay's Family Chrysler Jeep Dodge,mckaysfamilychryslerjeepdodge.com
McKay's Family Chrysler Jeep Dodge,mckaysfamilychryslerjeepdodge.co
Approved Auto of Central Oregon,approvedautoofco.com
Gandrud Dodge,gandruddodgechryslerjeep.com
Archer Volkswagen,archervw.com
McKenna BMW,mckennabmw.com
Gandrud Nissan,gandrudnissan.com
Archie Cochrane Ford,billingsford.com
McKenna Cerritos Volkswagen,mckennavwcerritos.com
Ganley Chrysler Dodge Jeep Ram,ganleychryslerjeepdodge.com
Arrigo Dodge Chrysler Jeep Ram Ft Pierce,arrigoftpierce.com
Ganley Subaru of Wickliffe,ganleysubarueast.com
McKenna Subaru,mckennasubaru.com
Arrigo Dodge Chrysler Jeep Ram Sawgrass,arrigosawgrass.com
Ganley Village Chrysler Dodge Jeep Ram,ganleyvillagechryslerdodgeram.co
Ganley Village Chrysler Dodge Jeep Ram,ganleyvillagechryslerdodgeram.com
Ganley Village Chrysler Dodge Jeep Ram,ganleyvillage.com
McKenna Volkswagen,mckennavwhb.com
Arrigo Dodge,arrigopalmbeach.com
Arrigo FIAT of West Palm,fiatusaofwestpalmbeach.com
Garber Automall Green Cove Springs,garberautomall.com
Arroway Chrysler Dodge Jeep Ram,arrowaychryslerdodgejeepram.com
Garber Buick,garberbuick.com
Garber Buick,garberbuicksaginaw.com
Mckenna Audi,mckennaaudi.com
Art Hill Mazda,arthillmazdas.com
Garber Buick GMC Fort Pierce,garberbuickgmc.com
Garber Buick GMC Fort Pierce,garberbuickgmc.net
Mckenna Porsche,mckenna.porschedealer.com
Mckenna Porsche,mckennaporsche.com
Arthur Chrysler,arthurchryslerdealer.com
Garber Chevrolet,garbermidland.com
Garber Chevrolet,garbermidland.net
Meador Commerce Dodge Chrysler Jeep Ram,meadorcommercedcjr.net
Garber Chevrolet Buick GMC,garbergmcars.com
Meador Commerce Ford,meadorcommerceford.com
Atascosa Dodge Chrysler Jeep Yamaha,atascosacdj.com
Garber Chevrolet Linwood,garberlinwood.com
Meadowland GMC,meadowlandgmc.com
Atlanta West Chrysler Dodge Jeep RAM,atlantawestchryslerdodgejeepram.
Garber Chevrolet Saginaw,garberchevroletsaginaw.com
Garber Chevrolet Saginaw,garberchevroletsaginaw.net
Meadowland of Carmel,meadowlandofcarmel.net
Atlanta West KIA,atlantawestkia.com
Garber Chrysler Dodge Jeep Ram,garberchryslerdodgeramjeep.com
Meadowlands Nissan,meadowlandsnissan.com
Atlantic Dodge-Chry-Jeep Inc,atlanticdodgechryslerjeep.com
Garber Chrysler Dodge Jeep,garberchryslerdodgejeep.com
Atlas Motors LLC,atmxi.com
Atlas Motors LLC,atlasmotors.com
Garber Honda,garberhonda.com
Attrell Hyundai,attrellhyundai.com
Mercedes Benz of Southampton,mbofsouthampton.com
Garber Nissan Hyundai,garbernissan.net
Garber Nissan Hyundai,garberhyundai.com
Auburn Volkswagen Inc,auburnvw.com
Mercedes-Benz Barrie,mercedes-benz-barrie.ca
Garber Rochester,drivegarber.com
Audi Columbus,audicolumbus.com
Garber Toyota,garbertoyota.com
Mercedes-Benz Of Ft. Pierce,mercedesbenzofftpierce.com
Audi Dallas,audidallas.financing.dealer.com
Audi Dallas,audidallas.com
Gardena Nissan,gardenanissan.com
Audi Gainesville,audigainesville.com
Mercedes-Benz Of Oklahoma City,mercedesbenzofokc.com
Gary Miller Chrysler Dodge Jeep Ram,garymillerchryslerjeep.com
Audi Lafayette,audilafayette.com
Mercedes-Benz of Arrowhead,arrowheadmb.com
Audi Oakville,audioakville.com
Mercedes-Benz of Regina,mercedes-benz-regina.ca
Gateway Toyota Scion,gatewaytoyota.ca
Audi Of Smithtown,audiofsmithtown.com
Mercedes-Benz of San Antonio,mbofsa.com
Gene's Chrysler Dodge Jeep RAM,geneschrysler.com
Audi Oklahoma City,audioklahomacity.com
Meriden Hyundai,meridenhyundai.com
George Nahas Chevrolet Inc,georgenahaschevrolet.com
Audi Wesley Chapel,audiwesleychapel.com
Merle Stone Chevrolet Porterville,stonechevyporterville.com
Georgesville Nissan,georgesvillenissan.com
Audi of  Roanoke,audiroanoke.com
Merle Stone Chevrolet Tulare,stonechevytulare.com
Georgia Luxury Cars,gabmw.com
Audi of Huntington,audiofhuntington.com
Metro Ford,metrofordmiami.com
Metro Ford,metroexporta.com
Gerald KIA of Naperville,geraldkianaperville.com
Metro Kia Atlanta,metrokiaatlanta.com
Gerald KIA of North Aurora,geraldkianorthaurora.com
Aurora Chrysler,aurorachrysler.ca
Metro Kia of Madison,metrokiaofmadison.com
Gerald Nissan Naperville,geraldnissannaperville.com
Austin Chrysler Dodge Jeep Ram,austinchryslerjeep.com
Metro Motors Ltd.,metromotors.com
Gerald Nissan Of North Aurora,geraldnissannorthaurora.com
Auto Clearing Chrysler Dodge Jeep Ram,autoclearing.com
Metro Nissan Montclair,metronissanmontclair.com
Auto Finders,autofindersok.com
Gerald Subaru Naperville,geraldsubarunaperville.com
Metro Toyota,metro-toyota.com
Gerald Subaru of North Aurora,geraldsubarunorthaurora.com
Meyer Honda,meyerhonda.com
AutoFair Ford Haverhill,autofairfordofhaverhill.com
Miami Auto Supercenter,miamiautosupercenter.com
AutoFair Honda,autofairhonda.com
Miami Boat Charters,miamiboatcharters.com
AutoFair Hyundai,autofairhyundai.com
Miami Lakes Auto Mall Portal,miamilakesautomall.com
Giles Automotive Portal,gilesauto.com
AutoFair Nissan of Stratham,autofairnissan.com
Miami Lakes Chevrolet OEM,miamilakeschevrolet.net
Giles Nissan Lafayette,gilesnissan.com
AutoStar Family of Dealerships,autostarusa.com
Giles Nissan Opelousas,nissanofopelousas.com
AutoStar Nissan of Boone,boonenissan.com
Michiana Chrysler Dodge Jeep Ram,michianachryslerdodgejeepram.com
Giles Subaru,gilessubaru.com
Mid County Chrysler Dodge Jeep,midcountychryslerdodgejeep.com
Autocom Nissan of Oakland,autocomnissanofoakland.com
Middletown Nissan LLC,middletownnissan.com
Gill Chrysler,gillchryslerdodgejeepram.com
Autofair Nissan of Chelmsford,autofairnissanma.com
Midway Auto & Marine,lovell.midwayautoandmarine.com
Midway Auto & Marine,midwayautoandmarine.com
Midway Auto & Marine,boats.midwayautoandmarine.com
Midway Auto & Marine,tom.midwayautoandmarine.com
Ginn Chevrolet,ginnchevy.com
Autofair Subaru,autofairsubaru.com
Midway Dodge Inc II,midwaydodge.com
Ginn Chrysler Jeep Dodge,ginnchryslerjeepdodge.net
Midwest Superstore,midwestsuperstore.com
Glenbrook Dodge Chrysler Jeep,glenbrookdodgechryslerjeep.com
Automaxx of the Carolinas,843auto.com
Automaxx of the Carolinas,automaxxofsummerville.cms.dealer
Mike Camlin Hyundai of Greensburg,mikecamlinhyundai.com
Glendora Chrysler Jeep Dodge,glendorachryslerjeepdodge.com
Autoplex BMW,autoplexbmw.com
Mike Perry Motor Company,mikeperrymotor.com
Glenn Polk Chrysler,glennpolkautoplex.net
Aventura Chrysler Jeep Dodge Ram,aventurachryslerjeepdodgeram.com
Mike Riehl's Roseville Chrysler Dodge Jeep Ram,rosevillechryslerjeep.net
Glenn's Freedom Dodge Chrysler Jeep Ram,glennfreedomchryslerdodgejeepram
Avondale Mazda,avondalemazda.com
Mike Toler Chrysler Dodge Jeep Ram,miketoler.com
Global Auto Mall,globalautomall.com
Awesome Nissan of Brunswick,awesomenissanofbrunswick.com
Mike Ward Fiat of South Denver,mikewardfiat.com
BERNARD'S CHRYSLER DODGE JEEP RAM,bernardsnorthtown.net
Mike Wood Honda of Uniontown,mikewoodhonda.com
Global Chevrolet,globalchevy.com
BMW Of Bayside,bmwbayside.com
Mike Wood Toyota of Uniontown,mikewoodtoyotaofuniontown.com
Global Hyundai - Genesis,globalhyundainj.com
BMW Of Idaho Falls,bmwofidahofalls.com
Milani & Norman Auto Sales,milaninorman.com
Global Jeep,globalautomalljeep.com
BMW of Bloomfield,bmwofbloomfield.com
Milford Nissan,milfordnissan.com
Global KIA,globalkia.com
BMW of El Cajon,bmwofelcajon.com
Miller Brothers Chevrolet Cadillac,millerbrotherschevrolet.com
Glover International Trucks Ltd.,glover-ace.com
BMW of Little Rock,bmwoflittlerock.com
Miller's Chrysler Dodge Jeep Ram,millerschryslerjeep.com
BMW of Manhattan,bmwnyc.com
BMW of Manhattan,bmwnyc.financing.dealer.com
Mills Motors Buick GMC,millsbuickgmc.com
BMW of Reading,bmwofreading.com
BMW of Reading,cxamp.com
Milosch's Palace Chrysler Jeep Dodge,palacecjd.com
Milton Chrysler Dodge Ltd.,miltonchrysler.ca
Goode Motor Mazda,goodemazda.com
BOB MOORE CADILLAC OF EDMOND,gmdealersecureforms.cdk.com
Milton Hyundai,miltonhyundai.com
Goodson Acura,goodsonacura.com
BRIGHTON TOYOTA,brightontoyota.com.au
Milton Martin Toyota & Scion,miltonmartintoyota.com
Gorruds Auto,gorruds.com
Milton Toyota,miltontoyota.com
Baker Chrysler Jeep Dodge Inc.,bakercjd.com
Mini of Manhattan,mininyc.com
Grapevine Dodge Chrysler Jeep,grapevinedcj.com
Grapevine Dodge Chrysler Jeep,grapevinedodgechryslerjeep.net
Grapevine Dodge Chrysler Jeep,cxamp.com
Bakersfield Acura,bakersfieldacura.com
Mission Valley Tractor,missionvalleykubota.com
Bakersfield Audi,bakersfieldaudica.com
Mississauga Honda,mississaugahonda.com
Gray-Daniels Chevy,graydanielschevy.com
Bakersfield Chrysler Jeep,drivecj.com
Gray-Daniels Nissan North,graydanielsnissanofjackson.com
Bakersfield Hyundai,bakersfieldhyundai.com
Modern Nissan Of Lake Norman,modernnissanoflakenorman.com
Gray-Daniels Nissan South,graydanielsnissanbrandon.com
Bankston Motor Homes,bankstonmotorhomes.com
Moffitt Volkswagen,moffittvw.com
Gray-Daniels Toyota,gray-danielstoyota.com
Baraboo Motors Group Inc.,baraboomotors.com
Mojave Auto Group,mojaveautogroup.com
Barber Motors,barbermotors.com
Green Brook BUICK GMC,greenbrookauto.com
Barbera Autoland,barberasautoland.com
Monroeville Chrysler Jeep,monroevillechryslerjeep.com
Barrie Chrysler Dodge Jeep Ram,barriechryslerdodgejeepram.com
Monroeville Dodge,monroevilledodge.com
Barrie Subaru,barriesubaru.com
Monroeville Kia,monroevillekia.com
Barry's Automotive Group,barrymotors.com
Bartlesville CJDR,bartlesvillechryslerdodgejeep.com
Bartlesville CJDR,bartlesvillecdj.com
Bartlesville CJDR,bartlesvillechryslerdodgejeep.co
Morrey Infiniti of Burnaby,m.morreyinfiniti.com
Morrey Mazda of  the NorthShore,morreymazda.com
Battleground KIA,battlegroundkia.com
Morrey Nissan of Burnaby,m.morreynissanburnaby.com
Morrey Nissan of Burnaby,morreynissanburnaby.com
Baxter Chrysler Dodge Jeep Ram La VISTA,baxtercdjrlavista.com
Mossy FIAT,mossyfiat.com
Bay Chrysler Dodge Jeep Ram,baycars.com
Bay Chrysler Dodge Jeep Ram,baydodge.net
Mossy Nissan,mossynissanhouston.com
Bay Ridge Honda,bayridgehonda.com
Motion Kia,motionkia.com
Bay Ridge Volkswagen,bayridgevolkswagen.com
Bay Ridge Volvo,bayridgevolvo.com
Motor City Chrysler,motorcitychrysler.ca
Bayird Auto Group,buyatbayird.com
Motor City Lexus of Bakersfield,motorcitylexusofbakersfield.com
Bayird Chevrolet,tennesseechevrolet.com
Motor Village Los Angeles,motorvillagechryslerdodgejeep.co
Bayird Dodge Chrysler Jeep Paragould,bayirddodgechryslerjeep.net
Mount Holly Nissan,mthollynissan.com
Bayird Dodge Chrysler Jeep RAM Blytheville,bayirddodgechryslerjeepram.net
Mount Kisco Chevrolet Cadillac,mtkiscochevrolet.com
Bayird Dodge Chrysler Jeep RAM West Plains,bayirddodgechryslerjeepram.com
Baytown GMC Buick,gmbaytown.com
Baytown Hyundai,baytownhyundai.com
Mt. Ephraim Chrysler Dodge,mtephraimchryslerdodge.net
Mullahey Chrysler Dodge Jeep Ram,mullaheychryslerdodgejeepram.com
Bedford Chrysler Dodge Jeep Inc,bedfordchryslerdodgejeep.com
Murray Kia,murraykia.com
Bedrock Motors,bedrockmotors.com
Musselman Dodge,musselmansdodge.net
Beechmont Toyota,beechmonttoyota.com
Muzi Ford,muziford.com
Bell Mitsubishi,bellmitsubishi.com
Bennett Chevrolet,gmbennettchevy.com
Bennett Chevrolet,bennettchevrolet.com
Bennett Chrysler,bennettchryslerdodgejeep.com
My Chevrolet,mychevrolet.org
My Jeep Chrysler Dodge,myjeepchryslerdodge.com
Benson Hyundai,bensonhyundai.com
My Nissan,mynissan.org
Bergeron Chrysler Dodge Jeep Ram,bergeronchryslerjeep.com
Bergeron Chrysler Dodge Jeep Ram,cxamp.com
NIssan Of Muskogee,nissanofmuskogee.com
Bergeron Volvo,bergeronvolvo.com
NW Auto Source,nwautosource.com
Berglund Chevrolet Buick,berglundchevroletbuick.com
Naples Dodge Chrysler,naplesdodgechrysler.com
Berglund Chrysler Jeep Dodge,berglundchryslerjeep.net
Nashua Mitsubishi,nashuamitsubishi.com
Neil Huffman Acura At Oxmoor,acuraatoxmoor.com
Berglund Mazda,berglundmazdasalem.com
Neil Huffman Honda,neilhuffmanhonda.com
Neil Huffman Honda of Frankfort,neilhuffmanhondafrankfort.com
Greenville Toyota,greenvilletoyota.com
Berlin City KIA Vermont,berlincitykiavt.com
Neil Huffman Mazda,neilhuffmanmazda.com
Berlin City Nissan of Portland,berlincitynissanme.com
Neil Huffman Nissan of Frankfort,neilhuffmannissanfrankfort.com
Greenwich Honda,greenwichhonda.com
Nemer 1 CDJR of Queensbury,nemerchryslerdodge.net
Bertera Chevrolet,berterachevy.com
Nemer 1 CDJR of Saratoga,nemerchryslerjeepdodgeramofsarat
Gresham Subaru,greshamsubaru.com
Bertera Dodge Chrysler Jeep Inc.,berteradodgechryslerjeep.com
Nemer Volkswagen,nemervw.com
Bertera Subaru Hartford,berteramotors.com
Neuwirth Motors Inc,neuwirthmotors.net
Grieco BMW of Newport,bmwofnewport.com
Bertera Subaru of West Springfield,berterasubaru.com
Bertera Subaru of West Springfield,berterasubaru.financing.dealer.c
New Millennium Auto Sales,newmillenniumautos.com
Grieco Chevrolet Fort Lauderdale,griecochevroletfortlauderdale.com
Berwyn Kia,berwynkia.com
Grieco Chevrolet of Delray Beach,griecochevroletdelray.com
NewRoads Chrysler Dodge Jeep RAM,newroads.ca
Grieco Chrysler Jeep Dodge Ram,griecocjdr.com
NewRoads GM,newroads.ca
Best Chevrolet,bestchevrolet.calls.net
Best Chevrolet,bestchevrolet.com
Grieco Honda,griecohonda.com
Best Chrysler Dodge Jeep Ram,thebestchrysler.com
Betten Baker Chrysler Dodge Jeep Ram,bettenbakercdjr.com
Grieco Kia of Delray Beach,griecokiadelray.com
Grieco Kia of Johnston,griecokiari.com
Bev Smith KIA,bevsmithkia.net
Nichols Dodge Chrysler Jeep,nicholsdodge.com
Grieco Mazda Delray,griecomazdadelray.com
Grieco Toyota,griecotoyota.financing.dealer.co
Grieco Toyota,griecotoyota.com
Nickel Belt Camping,nickelbeltcamping.ca
Beyer Kia Falls Church,beyerkia.com
Griffin's Hub Chrysler Jeep Dodge,griffinshubchryslerjeepdodge.com
Beyer Mazda,beyermazda.com
Nielson RV,nielsonrv.com
Griffis Motors,griffismotors.net
Beyer Subaru,beyersubaru.com
Groove Ford,grooveford.com
Beyer Volkswagen,beyervw.com
Nimnicht Buick GMC,cxamp.com
Nimnicht Buick GMC,nimnichtbuickgmc.com
Groove Mazda,groovemazda.com
Nimnicht Chevrolet,nimnichtchevy.com
Nimnicht Chevrolet,nimnichtchevyjacksonville.com
Groove Toyota,groovetoyota.com
Big O Dodge Chrysler Jeep Ram,bigododge.com
Nissan 422 of Limerick,nissan422oflimerick.com
Big Sky RV,bigskyrv.com
Nissan Autocom Queretaro Constituyentes,nissanqueretaroconstituyentes.co
Grossman Chevrolet,grossmanchevy.com
Big Star Honda,bigstarhonda.com
Nissan Autocom Queretaro Zaragoza,nissanqueretarozaragoza.com.mx
Grossman Nissan,grossmannissan.com
Bill Bryan CJDR,billbryanchryslerdodgejeep.com
Nissan Of Midland,nissanofmidland.com
Bill Bryan Kia,billbryankia.com
Nissan Of North Olmsted,bignissannortholmsted.com
Gulfgate Dodge,gulfgatedodge.com
Bill Bryan Subaru,billbryansubaru.com
Nissan Of South Morrow,nissansouthmorrow.com
Gunn Acura,gunnacura.com
Nissan Of Tustin,nissanoftustin.com
Nissan Of Tustin,tustinnissan.com
Bill Doraty Kia,billdoratykia.com
Gunn Honda,gunnhonda.com
Nissan Of Union City,nissanofunioncity.com
Bill Snethkamp Inc,billsnethkamp.net
Nissan Of Venice,nissanofvenice.com
Nissan Of Venice,venicenissan.com
Gunn Nissan,gunnnissan.com
Bill Talley Ford,billtalley.com
Haasz Automall Dalton,haaszautomalldalton.com
Nissan of Fort Worth,fortworthnissan.com
Bill Volz's Westchester Chrysler Dodge Jeep Ram,billvolzswestchesterchryslerdodg
Haasz Automall,haaszautomall.net
Nissan of Greer,greernissan.com
Haley Auto Group,haleyauto.com
Nissan of Newnan,nissanofnewnan.com
Bill Wright Toyota Inc,billwrighttoyota.com
Nissan of St Augustine,nissanofstaugustine.com
Haley Chrysler Dodge Jeep Ram,haleyjeepram.com
Billingsley Auto Group,billingsleyusa.com
Hall Chevrolet Buick Prosser,hallchevybuick.com
Nissan of Stanhope,nissanofstanhope.com
Billingsley Ford Lincoln of Lawton,billingsleyfordoflawton.net
Billingsley Ford,fordok.com
Billingsley Hyundai of Lawton,billingsleyhyundai.com
Noble Auto Group,noblechryslerdodgejeep.com
Harbin Chevrolet Scottsboro,harbinchevrolet.com
Harbin Chevrolet Scottsboro,harbinautomotive.com
Billion Chrysler Jeep Dodge,billionmotorschryslerjeep.com
Harbin Motor Company,harbinfordscottsboro.com
Bird Road Subaru,subaruofmiami.com
Noble Automotive Group Portal,nobleautogroup.com
Harbor Nissan,harbornissan.com
Harbor Nissan,harbortrucks.com
Hardin Chevrolet,hardinauto.com
Blake Fulenwider Chrysler Dodge Jeep Beeville,blakefulenwiderramchryslerdodgej
Norm Reeve's Acura,normreevesacura.com
Hardy Chevrolet Buick GMC,gubagoo.io
Hardy Chevrolet Buick GMC,hardychevybuickgmc.com
Blake Fulenwider Chrysler Dodge Jeep Clyde,blakefulenwiderchryslerdodgejeep
Norm Reeve's Volkswagen,normreevesvw.com
Hare Chevrolet,harechevy.com
Hare Chevrolet,harechevrolet.net
Norm Reeves Ford,normreevesford.com
Harr Chrysler Jeep Dodge Ram,harrchryslerjeepdodge.net
Blake Fulenwider Chrysler Dodge Jeep Snyder,blakefulenwidercdjr.com
Norm Reeves Hyundai,normreeveshyundai.com
Harr Toyota,harrtoyota.com
Normandin Chrysler Jeep,normandinchryslerjeep.net
Bleecker Chrysler Dodge Jeep,bleeckerchryslerdodgejeep.com
North Bakersfield Toyota,northbakersfieldtoyota.com
Haus Auto Group,ssl-hausautogroupcom.dcs-cms.com
Haus Auto Group,hausautogroup.com
Blossom Chevrolet,blossomchevrolet.com
Blossom Chevrolet,gmdealersecureforms.cdk.com
North End Motors,northendmotors.com
Hawkinson KIA,hawkinsonkia.com
Blue Dog RV,bluedogrv.com
Hawkinson Nissan,hawkinsonnissan.com
North Freeway Hyundai,northfreewayhyundai.com
Hayes CDJ (Lawrenceville),secure02.dealereprocess.com
Hayes CDJ (Lawrenceville),hayeschryslerlawrenceville.com
Hayes CDJ (Lawrenceville),hayeschryslerdodgejeep.net
North Hollywood Toyota,northhollywoodtoyota.com
Hayes CDJ 3115 Frontage,hayeschryslerdodge.com
Hayes CDJ 3115 Frontage,hayeschryslergainesville.com
Hayes Motor Company,hayeslubbock.com
Hayes Motor Company,hayesmotorcompany.com
North Park Chevrolet,npchevy.com
North Park Lexus at Dominion,northparklexusatdominion.com
Headquarter Honda,headquarterhonda.com
North Shore Honda,nshonda.com
Headquarter Mazda,headquartermazda.com
North York Chrysler,jeep.ca
North York Chrysler,webcache.googleusercontent.com
North York Chrysler,northyorkchrysler.ca
Heartland Ford Sales Ltd.,heartlandfordsales.com
Northeast Acura Inc,northeastacura.com
Hebert's Town & Country Chrysler Dodge Jeep Ram,hebertstandc.com
Northridge Toyota,northridgetoyota.com
Blue Water Chrysler-Dodge Jeep,bluewaterchryslerdodgejeep.com
Heggs Chrysler Jeep Dodge Ram,heggscjdr.com
Northshore Toyota,northshoretoyota.com
Bluebonnet Motors Inc,bluebonnetmotors.net
Heggs Jeep,heggsjeep.com
Northside Alfa Romeo Fiat,northsideimportshouston.com
Northside Alfa Romeo Fiat,fiatusaofnorthhouston.com
Bluegrass BMW,bluegrassbmw.com
Helfman Dodge Chrysler Jeep,helfmandodge.net
Boardwalk Auto Ctr Inc,boardwalkchryslerdodgejeepram.co
Northside Ford,nsford.com
Helfman Ford,helfmanford.net
Helfman Ford,helfmanford.com
Boardwalk Nissan,boardwalknissan.com
Northwest Chrysler Jeep Dodge,northwestdodgehouston.com
Helfman Imports,helfmanimports.com
Boardwalk VW,boardwalkvolkswagen.com
Northwest Harley-Davidson,nwharley.com
Helfman of Sugar Land,helfmanmaseratiofsugarland.com
Helfman of Sugar Land,helfmanalfaromeousaofsugarland.c
Bob Davidson Ford Lincoln,bobdavidsonlincoln.net
Bob Davidson Ford Lincoln,bobdavidsonford.com
Novato Chevrolet,novatochevrolet.com
Hemet CDJR,hemetcdjr.com
Bob Fisher Chevrolet Inc,bobfisherchev.com
Nurse Chevrolet Cadillac,marynurse.com
Hempstead Ford Lincoln,hempsteadlincoln.net
Hempstead Ford Lincoln,hempsteadford.net
Nyle Maxwell GMC,nylemaxwellgmc.com
Bob Frensley Chrysler Jeep Dodge,bobfrensleychryslerjeepdodge.com
Henderson Kia,hendersonkia.com
Bob Hart Chevrolet,bobhartchevroletofvinita.com
Bob Hart Chevrolet,bobhartchevy.com
Henderson Nissan,hendersonnissan.com
Hendersonville Chrysler Dodge Jeep RAM,hendersonvilleram.com
Bob Moore Cadillac of Norman,bobmoorecadillacnorman.com
O'Brien Hyundai,obrienhyundai.net
Bob Moore Chrysler Dodge Jeep Ram of OKC,bobmooredodgechryslerjeep.com
Henna Chevrolet LP,henna.com
Henna Chevrolet LP,hennachevyaustin.com
O'Brien Nissan of Bloomington,obrienteamnissan.com
Bob Moore Dodge Chrysler Jeep,chryslerdodgejeepramoftulsa.com
Hennessy Lexus Of Atlanta,lexusatlanta.com
O'Gara Coach Westlake,ogaracoachwestlake.com
Bob Moore INFINITI,bobmooreinfiniti.com
Hennessy Porsche Of North Atlanta,hennessyporsche.com
O'steen Volkswagen,osteenvw.com
Bob Moore Kia Northwest,bobmoorekia.com
Herb Easley Motors Inc,herbeasleychevy.com
OTTAWA CAMPING TRAILERS,ottawacamping.ca
Bob Moore Mazda,bobmooremazda.com
Herrin-Gear BMW of Jackson,herringearbmw.com
Bob Moore Nissan of Norman,bobmoorenissan.com
Oakes Auto,cxamp.com
Oakes Auto,oakesauto.com
Herson's Honda Inc,hersonshonda.com
Bob Ruwart Motors,bobruwartmotors.com
Oakridge Ford,oakridgeford.com
Herson's Kia,hersonskia.com
Bob Smith BMW,bobsmithbmw.com
Oakville Volkswagen Inc.,oakvillevolkswagen.com
Heuberger Motors Inc,bestbuysubaru.com
Bob Smith Mini,bobsmithmini.com
Ocean Honda,oceanhondasantacruz.com
Hickory Mazda,hickorymazda.com
Oklahoma City Volkswagen,okcvw.com
Bob Smith Toyota,bobsmithtoyota.com
Hickory Used Car Superstore,hickoryused.com
OpenRoad Honda Burnaby,openroadhonda.ca
OpenRoads,openroadsrv.ca
Hiley Mazda of Hurst,hileymazdahurst.com
Bob Zimmerman BMW,bmwofcedarrapids.com
Orlando Kia East,orlandokiaeast.com
Hoffman Chrysler Jeep Dodge,hoffmanchryslerjeepdodge.com
Boerne Dodge Chrysler Jeep,boernedodge.com
Hoffman GM,hoffmangm.com
Orlando Kia West,orlandokiawest.com
Bolles Chry-Dodge-Jeep,bollesdodge.com
Hollywood Chrysler Jeep,hollywoodchryslerjeep.com
Bolles Motors Inc,bollesmotors.com
Orleans RV,orleansrv.ca
Holm Automotive Center,holmauto.com
Boniface Hiers Kia,bonifacehierskia.com
Orr Chevrolet,texarkanachevrolet.com
Holmes Motors,holmesmotors.com
Bonner Chevrolet,bonnerchevrolet.com
Orr Honda of Paris,hondaofparis.net
Borman Autoplex,borman-autoplex.com
Borman Autoplex,bormanhonda.com
Borman Autoplex,bormanhyundaiofnewmexico.com
Orr Nissan of Paris,parisnissan.com
Holzhauer Auto & Motorsports,holzhauers.com
Holzhauer Auto & Motorsports,holzhauerschryslerdodgeramjeep.c
Orrin B Hayes Inc,hayesmazda.com
Homer Skelton Chrysler Dodge Jeep,homerskeltonchryslerdodgejeep.co
Braman BMW,bramanmotorsbmw.com
Ottawa Chrysler Jeep Dodge Inc,ottawachryslerjeepdodge.com
Ottawa Chrysler Jeep Dodge Inc,ramtruckoffers.ca
Ottawa Chrysler Jeep Dodge Inc,ottawachryslerjeep.com
Homestead Hyundai,homesteadhyundai.net
Braman Miami Pre-Owned,bramanpreowned.com
Overturf Volkswagen,overturfvw.com
Honda Cars of Aiken,hondacarsofaiken.com
Braman Mini,bramanminiofmiami.com
Oxendale Hyundai,oxendalehyundai.com
Brantford Chrysler,brantfordchrysler.com
Brantford Chrysler,jeepoffers.ca
Oxendale Kia,oxendalekia.com
Honda City,hondacityli.com
Oxford Dodge Chrysler (1992) Ltd.,oxforddodge.ca
Oxford Dodge Chrysler (1992) Ltd.,oxfordmobility.com
Honda Miramontes,hondamiramontes.com.mx
Brazos Valley Autogroup Portal,brazosvalleyimports.com
Brazos Valley BMW,bmwofbrazosvalley.com
Honda Of Annapolis,hondaofannapolis.com
PH Hyundai,phhyundai.com
Brazos Valley Hyundai,brazosvalleyhyundai.com
Honda Of Conyers,hondaconyers.com
Pacific Honda,pacifichonda.com
Brazos Valley Mazda,brazosvalleymazda.com
Honda Of Hollywood,hondaofhollywood.com
Pacific Honda Hawaii,pachonda.com
Brazos Valley Volkswagen,brazosvalleyvw.com
Honda Of Lake City,hondaoflakecity.com
Palestine Chrysler,palestinecdjrf.com
Palm Chevrolet,palmchevrolet.com
Brenham Chrysler Jeep Dodge,brenhamcjd.com
Honda Of Princeton,princetonhonda.com
Brennan Dodge,brennandodge.com
Palm Coast Ford,palmcoastford.com
Honda Of Tiffany Springs,hondaoftiffanysprings.com
Palm Tree Auto Sales,palmtreecars.com
Brenner Chry-Jeep LLC,brennerchryslerjeep.net
Honda Optima,hondaoptima.com
Brenner Nissan,brennernissan.com
Brenner Pre-Owned,brennerpreowned.com
Honda World Downey,cxamp.com
Honda World Downey,lahondaworld.com
Brent Berge Riverview Toyota,riverviewtoyota.com
Honda de San Juan,hondadesanjuan.com
Honda of Downtown Chicago,dthondachicago.com
Paramount Ford Hyundai Valdese,paramountford.com
Brian Harris BMW,brianharrisbmw.com
Brian Harris BMW,brianharrisbmw.financing.dealer.
Honda of El Cajon,hondaofelcajon.com
Paramount Hyundai Hickory,paramounthyundai.com
Honda of Fort Myers,hondaoffortmyers.com
Paramount KIA Hickory,paramountkia.com
Brickell Buick GMC,brickellbuickgmc.com
Paramount KIA Of Asheville Inc,paramountkiaasheville.com
Honda of Gainesville,hondaofgainesville.com
Brickell Honda,brickellhonda.com
Paramount PVV,paramountvw.com
Honda of Ocala,hondaofocala.com
Brickell Luxury Motors,brickellluxurymotors.com
Honda of Owings Mills,hondaofowingsmills.com
Brickell Mazda,brickellmazda.com
Parker Subaru,parkersubaru.com
Bridgewater Chevrolet,bridgewaterchevy.com
Parkway Dodge Chrysler Jeep Ram,parkwaychryslerjeep.net
Hoover Chrysler Summerville,hooverjeepchrysler.net
Bridgewater Volvo,volvocarsbridgewater.com
Parkway Family Kia,parkwayfamilykia.com
Hopkins Acura Of Fairfield,hopkinsacuraoffairfield.com
Parkway Family Mazda,parkwayfamilymazda.com
Hornburg Land Rover Jaguar Los Angeles,hornburgjaguarla.com
Hornburg Land Rover Jaguar Los Angeles,hornburglandroverla.com
Briggs Auto Group Portal,briggsauto.com
Hornburg Land Rover Jaguar Santa Monica,hornburglandroversm.com
Parkway Honda,parkwayhonda.com
Briggs Buick GMC Of Manhattan,briggsbuickgmc.com
Township Chevrolet Buick GMC,townshipchev.com
Briggs Chrysler Dodge Jeep Ram of Lawrence,briggschrysler.com
Toyota Chula Vista,toyotachulavista.com
Hudson Cadillac Buick GMC,hudsonbuickgmc.com
Hudson Cadillac Buick GMC,cadillacbyhudson.com
Passport INFINITI Alexandria,passportinfiniti.com
Briggs Dodge Ram Fiat,briggsdodge.net
Passport Nissan Marlow Heights,passportnissanmd.com
Briggs Fort Scott,briggsftscott.com
Hudson Valley Chrysler Dodge Jeep Ram,hudsonvalleycdjr.com
Pat McGrath Dodge Country,patmcgrathdodgecountry.com
Toyota Of El Cajon,toyotaofelcajon.com
Toyota Of El Cajon,toyotacertifiedcenterofsantee.co
Briggs Kia,briggskia.com
Huffines Chrysler Jeep Dodge,huffineschryslerjeepdodgeramplan
Pathway Hyundai,pathwayhyundai.com
Briggs Nissan Of Lawrence,briggsnissanlawrence.com
Toyota Of Huntington Beach,toyotaofhbspecials.com
Toyota Of Huntington Beach,toyotaofhb.com
Huffines Chrysler Jeep Dodge Lewisville,huffineschryslerjeepdodgeramlewi
Huffines Chrysler Jeep Dodge Lewisville,huffineschryslerjeepdodgeramlewisville.com
Briggs Nissan Of Manhattan,briggsnissan.com
Toyota Of McDonough,toyotaofmcdonough.com
Toyota Of McDonough,offers.toyotaofmcdonough.com
Patrick Cadillac,patrickcadillac.com
Briggs Subaru Of Topeka,briggssubarutopeka.com
Hughes Honda,hugheshonda.com
Toyota Of Newnan,toyotaofnewnan.com
Patrick Dealer Group,patrickcars.com
Humble Hyundai,humblehyundai.com
Briggs Super Center,briggssupercenter.com
Toyota Of Warsaw,toyotawarsaw.com
Patrick Hyundai,patrickhyundai.com
Hunter Automotive Group,hunterautogroup.com
Bright Bay Mazda,brightbaymazda.com
Toyota Place,toyotaplace.com
Patrick Mini,patrickmini.com
Hunter Hyundai,hunterhyundai.com
Brighton Chrysler Dodge Jeep,brightonchrysler.com
Patrick Volvo,patrickvolvocars.com
Toyota San Diego,toyotasandiego.com
Hunter Nissan,hunternissan.com
Toyota South Atlanta,toyotasouthatlanta.com
Paulding Chrysler Dodge Jeep Ram,pauldingchryslerdodgejeepram.net
Brilliance Subaru,brilliancesubaru.com
Hunter Subaru,huntersubaru.com
Paynesville Chevrolet Buick,paynesvillechevrolet.com
Britain Chevrolet,britainchevy.com
Toyota Town,toyota-town.com
Huntington Beach Chrysler Dodge Jeep Ram,hbchryslerdodgejeepram.com
Pearson Chrysler Jeep Dodge Ram,pearsonchryslerjeeponline.com
Brooklyn Chrysler Dodge Jeep Ram,brooklynchrysler.com
Toyota of Alvin,toyotaofalvin.com
Huntington Honda,huntingtonhondacars.com
Pearson Honda,pearsonhonda.com
Brown Daub Chrysler Jeep Dodge RAM,browndaub.net
Toyota of Greensburg,toyotaofgreensburg.com
Hurd Automall,hurdautomall.com
Pearson INFINITI,pearsoninfiniti.com
Brown Daub Fiat - Alfa Romeo,browndaubalfaromeo.com
Brown Daub Fiat - Alfa Romeo,fiatusaoflehighvalley.com
Toyota of Greer,toyotaofgreer.com
Hurst Mitsubishi,hurstautoplex.com
Brown Daub Hyundai,browndaubhyundai.com
Toyota of Midland,toyotaofmidland.com
Huston Cadillac Buick GMC,hustoncadillacbuickgmc.com
Brown Daub Volvo of Lehigh Valley,browndaubvolvocarslehighvalley.c
Pedder Nissan,peddernissan.com
Toyota of Nashua,toyotaofnashua.com
Huston Chevrolet,hustonchevrolet.com
Brown's Arlington Honda,arlingtonhonda.com
Toyota of New Bern,toyotaofnewbern.com
Hyundai City,hyundaicity.com
Toyota of Vero Beach,verobeachtoyota.com
Hyundai Of El Paso,hyundaiofelpaso.com
Perfection Auto Sales & Service on Academy,perfectiononacademy.com
Brown's Fairfax Mazda,fairfaxmazda.com
Toyota of Victoria,toyotaofvictoria.com
Toyota of Victoria,cxamp.com
Hyundai Of Everett,hyundaiofeverett.com
Perfection Honda,perfectionhonda.com
Brown's Leesburg Hyundai,brownsleesburghyundai.com
Hyundai Of New Port Richey Certified Used Cars,theusedgiant.com
Brown's Manassas Kia,brownsmanassaskia.com
Performance Toyota,performancetoyotastore.com
Treasure Coast Lexus,treasurecoastlexus.com
Hyundai Of Orange Park,hyundaioforangepark.com
Brown's Manassas Subaru,manassassubaru.com
Performance Toyota PA,performancetoyotapa.com
Tri County Lexus,tricountylexus.com
Hyundai of Bedford,hyundaiofbedford.com
Brown's Volkswagen,brownsvw.com
Perris Valley Dodge Jeep Chrysler,perrisvalleydodgejeepchrysler.co
Tri State Chrysler Dodge Jeep Ram,tristatechryslerdodgejeepram.com
Hyundai of Greer,hyundaiofgreer.financing.dealer.
Hyundai of Greer,hyundaiofgreer.com
Perris Valley Kia,perrisvalleykia.com
Bruce Bennett Nissan,brucebennettnissan.com
Hyundai of New Port Richey,hyundaiofnewportrichey.com
Tri-Cities Chrysler Dodge Jeep Ram,tricitychryslerdodgejeepram.com
Perry Chrysler Jeep Dodge,perrychryslerdodgejeepram.com
Bryant Motors,bryantmotors.com
Hyundai of North Charleston,hyundaiofnorthcharleston.com
Perry Ford of Poway,perryford.net
Hyundai of Wesley Chapel,hyundaiofwesleychapel.com
Peters Chevrolet,peterscars.net
Truckville Auto Group,truckvilletexas.com
Bud Clary Auburn Chrysler Dodge Jeep Ram,budclaryauburnchryslerdodgejeepr
Bud Clary Auburn Chrysler Dodge Jeep Ram,budclaryauburnchryslerdodgejeepram.com
Peters Chevrolet Chrysler Jeep Dodge Ram Fiat,peterscars.com
I-10 CHRYSLER DODGE JEEP RAM,i10dodge.com
Bud Clary Auburn Hyundai,budclaryauburnhyundai.com
Tunkhannock Auto Mart,tunkhannockautomart.net
Bud Clary Chevrolet of Moses Lake,budclarychevroletofmoseslake.com
I-10 Toyota,i-10toyota.com
Bud Clary Honda of Moses Lake,budclaryhondaofmoseslake.com
Turnersville Dodge Chrysler Jeep RAM,turnersvillejeepchrysler.com
Turnersville Dodge Chrysler Jeep RAM,turnersvillechryslerjeep.com
Peterson Chrysler Jeep Dodge,petersonchryslerjeepdodge.net
I-5  RV,i5rv.com
Bud Clary Moses Lake Chrysler Dodge Jeep Ram,budclarymoseslakechryslerdodgeje
LaFontaine Chrysler Dodge Jeep Ram FIAT of Lansing,lafontainecdjrlansing.net
Twin Motors Ltd.,twinmotorsdealer.com
I-75 Autos,i75autos.com
I-75 Autos,lakecity.i75autos.com
Bud Clary Toyota of Moses Lake,budclarytoyotaofmoseslake.com
LaFontaine Chrysler Dodge Jeep Ram of Clinton,lafontainecdjrclinton.com
Union County Kia,unioncountykia.com
Pfaff Porsche,pfaffporsche.com
I-75 Autos Tampa,tampa.i75autos.com
Bud Clary Toyota of Yakima,budclarytoyotaofyakima.com
LaFontaine Chrysler Dodge Jeep Ram of Fenton,lafontainechryslerdodgejeepramfenton.com
LaFontaine Chrysler Dodge Jeep Ram of Fenton,lafontainechryslerdodgejeepramfe
Universal Hyundai,universal-hyundai.com
I-90 Nissan,bignissani90.com
Phillips Buick GMC,phillips-buick.com
Bud Smail Motor Cars,smailmercedesbenz.com
LaFontaine Subaru,lafontainesubaru.com
Universal Nissan,universal-nissan.com
Universal Nissan,universalusedcarsuperstore.com
I20 Chrysler Dodge Jeep Ram,i20dodge.com
Phillips Chrysler Jeep Dodge Ram,WWW.PHILLIPSCHRYSLERJEEP.NET
Phillips Chrysler Jeep Dodge Ram,phillipscjdr.com
Buddy Gregg RVs & Motor Homes,buddygregg.com
LaFontaine Volvo Cars of Farmington Hills,volvofarmingtonhills.com
INFINITI Milwaukee,infinitidealersecureforms.cdk.co
INFINITI Milwaukee,infinitimilwaukee.com
Pine Tree Ford Lincoln,pinetreeford.com
University Dodge,universitydodge.com
Bull Dog Kia,bulldogkia.com
INFINITI North Shore,infinitinorthshore.com
University Mitsubishi,universitymitsubishidavie.com
Burdick BMW,burdickbmw.com
Lake Elsinore Chrysler Dodge Jeep Ram,lakecdjr.com
Pinehurst Hyundai,pinehursthyundaionline.com
INFINITI Of Ardmore,infinitiofardmore.com
Upper Marlboro Ford,uppermarlboroford.com
Burien Nissan,buriennissan.com
Lakeshore Chrysler-Dodge-Jeep Inc,lakeshorechryslerdodgejeep.com
Pinehurst Nissan,pinehurstkia.com
INFINITI Of Oceanside,infinitiofoceanside.com
Upstate CDJR,upstatedodgechryslerjeep.com
Lakeshore Honda,lakeshorehonda.com
INFINITI Of Orange Park,infinitioforangepark.com
Pinehurst Toyota,pinehursttoyota.com
VA Cars,vacarsinc.com
Lakeshore of Picayune LLC,lakeshorechryslerdodgejeepramofpi
INFINITI of Baton Rouge,infinitibr.com
VIP Auto Outlet,vipautooutlet.com
Lakeside Toyota,lakesidetoyota.com
Dadeland Dodge Chrysler Jeep,dadelanddodgechryslerjeep.net
INFINITI of Central Arkansas,infinitiofcentralarkansas.com
Plainview Chrysler Dodge Jeep RAM,plainviewchrysler.com
Butte's Milehigh Chrysler Jeep Dodge,WWW.buttesmilehighchryslerjeepdodge.com
Butte's Milehigh Chrysler Jeep Dodge,buttesmilehighchryslerjeepdodge.
VISTA BMW - Coconut Creek,vistabmw.com
Dale Earnhardt Jr. Chevy,dadelanddodgechryslerjeep.net
INFINITI of Las Vegas,infinitioflasvegas.com
Planet Nissan,planet-nissan.com
Buy Here Pay Here USA,buyherepayhereusa.com
Lamborghini Broward,lamborghinibroward.com
VISTA BMW - Pompano,vistabmwpompano.com
Plassa Nissan,plassanissan.com.mx
INFINITI of West Chester,infinitiofwestchester.com
Byers Airport Subaru,columbussubaru.com
Platinum ford,platinumford.com
Dan Murphy Ford,danmurphyford.com
Lamesa Chrysler Dodge Jeep Ram,lamesadodge.com
Lamesa Chrysler Dodge Jeep Ram,lamesachryslerdodgejeepram.com
Byers Toyota,byerstoyota.com
Valley Hi Kia,valleyhikia.com
Dan Pilson Auto Centers,pilsonauto.com
Platte City-Airport Chrysler,plattecityairportchryslerdodgeje
Platte City-Airport Chrysler,plattecitychrysler.com
Lampe Chrysler Dodge Jeep Ram,lampedodge.com
Ilderton Vans,ildertonvans.com
Byers Volkswagen,columbusvw.com
Valley KIA,valleykia.com
Daniels BMW,danielsbmw.com
Lancaster Dodge,lancasterdodge.net
Lancaster Dodge,lancasterdodge.com
Independence Mazda,independencemazda.com
Van Syckle KIA,vansycklekia.com
C Speck Motors,cspeckmotors.com
Danville Toyota,danvilletoyota.com
Poage Chrysler Dodge Jeep,poagechryslerdodgejeep.com
Land Rover Alexandria,landroveralexandria.com
Infiniti of Lafayette,infinitioflafayette.com
CAPITAL CHEVROLET BUICK GMC,capitalchev.ca
Vaughan Chrysler Dodge Jeep RAM,vaughanchryslerdodgejeep.com
Vaughan Chrysler Dodge Jeep RAM,chrysler.ca
Vaughan Chrysler Dodge Jeep RAM,vaughanchrysler.com
Vaughan Chrysler Dodge Jeep RAM,dodge.ca
Policaro BMW,policarobmw.ca
Land Rover Hinsdale,landroverhinsdale.com
Infiniti of South Mississippi,infinitiofsm.com
Vaughn Automotive,vaughnautomotive.com
Pomoco Nissan-Hampton,pomoconissan.com
Ingram Park Auto Ctr Pre Owned,ipacpre-ownedoutlet.com
Vaughn Automotive Chevrolet Buick GMC Cadillac,vaughnautomotive.net
CRC Fredericton,crcbongardsrv.ca
Davis Chevrolet Inc,davischevrolet.com
Pop's Chevrolet,popschevy.com
Ingram Park Chrysler Jeep Dodge,ingramparkcj.net
Land Rover Jaguar Mission Viejo,jaguarmissionviejo.com
Land Rover Jaguar Mission Viejo,landrovermissionviejo.com
CRC Moncton,crcrvsalisbury.ca
Porsche Audi of Rochester,porscheofrochester.com
Porsche Audi of Rochester,audirochester.com
Ingram Park Mazda,ingramparkmazda.com
Ingram Park Mazda,cxamp.com
Land Rover Jaguar Newport Beach,landrovernewportbeach.com
Land Rover Jaguar Newport Beach,jaguarnewportbeach.com
CRC Truro,crcrvtruro.ca
Daytona Toyota,daytonatoyota.com
Daytona Toyota,thesmartlot.com
Porsche Centre Winnipeg,winnipegporschecentre.ca
Ingram Park Nissan,ingramparknissan.com
Veracity Motors,veracitymotors.com
Land Rover Las Vegas,lrlv.com
DeMontrond Chevy,demontrondchevy.com
Insports,insportscenters.com
Vern Eide GM,verneidegm.com
Land Rover North Dade,landrovernorthdade.com
Cactus Auto,cactusauto.com
Port Lavaca Auto Group,portlavacaautogroup.com
DeMontrond Hyundai,demontrondhyundai.com
Vernon Chrysler Dodge Jeep,ramtruckoffers.ca
Vernon Chrysler Dodge Jeep,vernondodge.com
Land Rover Of Farmington Hills,landroverfarmingtonhills.com
Caledon Chrysler,caledonchrysler.ca
Port Lavaca Chevrolet,portlavacachevrolet.com
Interstate Dodge Inc,interstatedodge.net
Vernon Toyota,vernontoyota.com
Port Lavaca Dodge Chrysler Jeep Inc,portlavacadodgechryslerjeep.com
Port Lavaca Dodge Chrysler Jeep Inc,portlavacadodge.com
Interstate Hyundai,interstatehyundai.com
Vicksburg Chrysler-Plymouth-Dodge Incorporated,vicksburgchryslerdodgejeepram.co
Land Rover South Dade,landroversouthdade.com
Dean Arbour Chrysler Dodge Jeep Ram,deanarbourcdjr.com
Port Lavaca Ford,portlavacaford.com
Inver Grove Hyundai,invergrovehyundai.com
Inver Grove Hyundai,invergrovehyundai.financing.deal
Land Rover Virginia Beach,landrovervirginiabeach.com
Decozen Chrysler Jeep Dodge Ram,decozenchryslerjeepdodge.com
Potamkin's Planet Dodge Chrysler Jeep,potamkinsplanetdodgechryslerjeep
Potamkin's Planet Dodge Chrysler Jeep,planetdodge.com
Land Rover of Naperville,landroverofnaperville.com
Deland KIA,delandkia.com
Poulin Chrysler Dodge Jeep Ram,poulinchryslerjeep.net
Island Acura,islandacura.com
Victory Toyota,victorytoyota.com
Landers Chevrolet of Norman,landerschevroletnorman.com
Landers Chevrolet of Norman,landerschevroletnorman.financing
Landers Chevrolet of Norman,landerschev.com
Delray Buick GMC Delray Beach,delraybuickgmc.com
Island Auto Group Portal,islandautogroup.com
Viles Automotive,vilesautomotive.com
Viles Automotive,vilesautos.com
Landers Chrysler Dodge Jeep Ram Norman,landerscdjrnorman.com
Power Buick GMC of Salem,buyatpower.com
Deluca Toyota,delucatoyota.com
Landers Chrysler Dodge Jeep Southaven,landersdodgesouthaven.com
Power Honda,mypowerhonda.com
Island Chrysler Dodge Jeep Ram,myislandcdjr.com
Virginia Select Auto,vaselectauto.com
Landers Dodge Chrysler Jeep,golanders.com
Demontrond Dodge Chrysler Jeep,demontronddcj.com
Power Kia,powerkia.com
Vision Kia East Rochester,visionkiafairport.com
Landmark Athens Chrysler,athensdodgeramchryslerjeep.com
Power Mazda,powermazda.com
Landmark Chrysler Dodge Jeep Ram Of Atlanta,landmarkcdjrofatlanta.com
Callaway Chrysler Dodge Jeep Ram,callawaychrysler.com
Callaway Chrysler Dodge Jeep Ram,local.callawaychrysler.com
Callaway Chrysler Dodge Jeep Ram,callawaychryslerdodgejeepram.com
Island Mazda,myislandmazda.com
Power Nissan,powernissansalem.com
Larchmont Chrysler-Jeep-Dodge,larchmontchryslerjeepdodge.com
Cam Clark Ford Airdrie,camclarkfordairdrie.com
Denooyer Chevrolet,denooyer.com
Pre-Owned Motor Cars Ltd,hawaiicar.com
Vista Subaru,silverthornesubaru.com
Lardners Trailer Sales,lardners.com
Cam Clark Superstore,camclarksuperstore.com
Island Toyota,islandtoyota.com
Preferred Automotive Group,preferredautogroup.com
Vista VW,vistavw.com
Laredo Dodge Chrysler Jeep,laredochryslerdodgejeep.com
Derouard Motors,derouardmotorsdealer.com
Cambrian Ford Sales Inc.,cambrianford.com
Island Volkswagen,myislandvw.com
Cameron Autoplex,cameronautoplex.com
Des Moines Mitsubishi,desmoinesmitsubishi.com
Larry Hopkins Honda,secure03.dealereprocess.net
Larry Hopkins Honda,larryhopkinshonda.com
Premier Chevrolet Buick GMC,premierchevrolettx.com
Volkswagen Billings,vwbillings.com
J & S Mitsubishi,jsmitsubishi.financing.dealer.co
Campbell Ford,campbellford.com
Premier Chrysler Dodge Jeep Ram,premiercdjr.com
Larry Roesch Chrysler Jeep Dodge RAM,larryroeschchryslerjeepdodge.com
Desert 215 Superstore,desert215superstore.com
Desert 215 Superstore,desertchryslerjeepdodgeram.com
Volkswagen Ft Walton Beach,volkswagenftwaltonbeach.com
Larry Roesch VW Bensenville,larryroeschvw.com
Camperland of Oklahoma,camperlandok.com
Volkswagen Of Gainesville,vwofgainesville.com
JTS Dodgeland,dodgelandofcolumbia.net
Las Vegas Mitsubishi,lvmitsubishi.com
Volkswagen Of Orange Park,volkswagenoforangepark.com
Prescott Brothers of Mendota,prescottmendota.com
Lash Volkswagen of White Plains,lashautogroup.com
Capital Automotive Group,capitalautomotivegroup.ca
Dick Genthe Chevrolet,genthe.com
JTS KIA,jtskia.com
Capital Chevrolet,capitalchevroletnc.com
Volkswagen of Downtown Chicago,dtvwchicago.com
Dick Huvaere's Richmond Chrysler Dodge Jeep,driveenvy.com
JTs KIA of Rock Hill,jtskiarockhill.com
Prestige Family of Dealerships,prestigeautocomplex.com
Leavens Volkswagen,leavensvw.com
Capital Dodge Chrysler Jeep,capitaldodgechrysler.com
Capital Dodge Chrysler Jeep,capitaldodge.ca
Volkswagen of Edmond,vwedmond.com
Jack Key Motor Co of Alamogordo LLC,jackkeymotorofalamogordo.com
Prestige Motors Pasco,pmpasco.com
Lee Chrysler Dodge Jeep Ram,leechryslerdodgeramjeep.com
Jack Key Motor Company,jackkey.com
Volkswagen of Inver Grove,vwinvergrove.com
Capital Ford Lincoln,capitalfordlincoln.com
Prestige Subaru,prestigesubarunj.com
Lee's Summit Dodge Chrysler Jeep,leessummitchryslerjeepdodge.com
Dodge Chrysler Jeep Ram City,dodgechryslerjeepcity.net
Jack Phelan Dodge Chrysler Jeep,jackphelandodgeonline.com
Capital Ford Lincoln Winnipeg,capitalfordwinnipeg.ca
Capital Ford Lincoln Winnipeg,capitallincolnwinnipeg.ca
Prestige Volkswagen!,prestigevolkswagen.com
Legacy Chrysler Dodge Jeep Ram,legacycdjr.com
Dodge Chrysler Jeep Ram of Alexandria Bay,fxcapraradjcrofalexandriabay.com
Volkswagen of New Port Richey,vwofnpr.com
Capital GMC Buick,capitalgmcbuick.ca
Legg Motor Company,leggmotors.com
Dodge Chrysler Jeep Ram of Watertown,fxcapraracdjrofwatertown.com
Volkswagen of Olympia,volkswagenofolympia.com
Jack Wolf Chrysler Jeep Dodge,jackwolfchryslerjeep.net
Capital GMC Buick Cadillac Ltd.,capitalgmc.ca
Lehman Auto Credit Depot,lehmanautocreditdepot.com
Jackson Dodge Chrysler Jeep,jacksondodge.ca
Car Smart Automotive,carsmart.co
Preston Chevrolet,prestonchevroletburton.com
Lehman Buick GMC,lehmanbuickgmc.com
Volkswagen of Princeton,vwprinceton.com
Jacksons of Enid,jacksonchryslerdodgejeep.com
Car Town Hyundai,cartownsanangelo.com
Preston Kia,prestonkia.com
Lehman Hyundai,lehmanhyundai.com
Dodge Country,dodgecountry.com
Volkswagen of Saint Augustine,vwstaug.com
Carlock Chrysler Dodge Jeep Ram,carlockcdjroftuscaloosa.net
Preston Superstore,prestonsuperstore.com
Lehman Mitsubishi,mobile.lehmanmitsubishi.com
Lehman Mitsubishi,lehmanmitsubishi.com
Don Beyer Volvo Falls Church,fallschurchdonbeyervolvo.com
Jaguar Land Rover Metro West,landrovermetrowest.ca
Carloft,carloft.ca
Price LeBlanc Nissan,priceleblancnissan.com
Lehman Subaru,lehmansubaru.com
Don Beyer Volvo Winchester,winchesterdonbeyervolvo.com
Volkswagen of Union,volkswagenofunion.com
Jaguar Land Rover Peoria,jaguarlandroverpeoria.com
Carlsbad Chevrolet,carlsbadchevrolet.com
Prince George Toyota,princegeorgetoyota.ca
Volvo Cars Oklahoma City,volvocarsoklahomacity.com
Don Beyer Volvo of Dulles,dullesdonbeyervolvo.com
Jaguar Minneapolis,jaguarminneapolis.com
Carlsen Porsche,carlsen.porschedealer.com
Priority Acura,priorityacura.com
Leisure Days Kingston,leisuredayskingston.ca
Jaguar Roanoke,jaguarroanoke.com
Volvo Cars Palo Alto,volvopaloalto.com
Leisure Days Moncton,leisuredaysmoncton.ca
Don Davis Buick GMC Lake Jackson,dondavisbuickgmc.com
Jaguar Virginia Beach,jaguarvirginiabeach.com
Volvo Cars of Queens,volvocarsofqueens.com
Carriage Automotive Group,choosecarriage.com
Priority Chevrolet,prioritychevrolet.com
Don Davis Chrysler Dodge Jeep,dondavischryslerdodge.com
Leisure Days RV Centre Kitchener,leisuredayskitchener.ca
Jaguar of Las Vegas,jaguarlv.com
Jaguar of Las Vegas,rp.jaguarlv.net
Carriage KIA,carriagekia.com
Priority Chevrolet Newport News,prioritychevroletnewportnews.com
Don Davis GMC El Campo,dondaviselcampo.com
Leisure Days Truro,leisuredaystruro.ca
Jaguar of Naperville,jaguarofnaperville.com
Volvo Of Edison,volvoofedison.com
Volvo Of Edison,volvocarsedison.com
Carriage Kia Woodstock,carriagekiawoodstock.com
Priority Ford of Norfolk,priorityford.com
Don Davis Hyundai,dondavishyundai.com
James Hodge Motors Inc,jameshodgemotors.net
Volvo Of Princeton,volvocarsprinceton.com
Carriage Mitsubishi,carriagemitsubishi.com
Priority Honda Chesapeake,priorityhondachesapeake.com
Lewis Chrysler Dodge Jeep Ram,lewischryslerdodge.com
Carriage Nissan,carriagenissan.com
Priority Honda Huntersville,priorityhondacharlotte.com
Priority Honda Huntersville,priorityhondaofhuntersville.fina
Jeff Belzer Dodge Chrysler Jeep Ram,jeffbelzersdodgeram.com
Lewis Super Store,lewissuperstore.com
Don Valley North Lexus,donvalleynorthlexus.com
WC auto dealers,cxamp.com
WC auto dealers,wcdealers.com
Carson Chrysler Jeep Dodge,carsonchryslerdodge.com
Jeff Belzer KIA,jeffbelzerkia.com
Priority Honda of Hampton,priorityhondahampton.com
WEEKS PORTAL SITE OF BENTON,weeksinbenton.com
Lewisville Autoplex,lewisvilleautoplex.com
Don Valley North Toyota,donvalleynorthtoyota.com
Carter County Dodge-Chry-Jeep LLC,cartercountydodgechryslerjeep.com
Carter County Dodge-Chry-Jeep LLC,cartercountydodgechryslerjeep.co
Priority Hyundai,priorityhyundai.com
Lexington Park Ford,lexingtonparkford.com
Don White's Timonium Chrysler Jeep Dodge Ram,donwhites.com
Carthage Chrysler Dodge Jeep RAM,carthagecdjr.net
Jeff Belzer's Chevrolet,jeffbelzerschevy.com
Jeff Belzer's Chevrolet,cxamp.com
Priority INFINITI,priorityinfiniti.com
WOBURN TOYOTA,woburntoyota.com
Lexus Monterey Peninsula,lexusmontereypeninsula.com
Doral Hyundai,doralhyundai.com
Priority Nissan Newport News,prioritynissannewportnews.com
Lexus Of Atlantic City Inc,lexusofatlanticcity.com
Casa Ford Lincoln,casaford.com
Jeff Belzer's New Prague Chevrolet,jeffbelzerschevynewprague.com
Waldorf Chevy Cadillac,waldorfcadillac.com
Waldorf Chevy Cadillac,waldorf-chevy.com
Doral Kia,doralkia.com
Priority Nissan Of Chantilly,prioritynissanchantilly.com
Lexus Of Englewood,lexusofenglewood.com
Lexus Of Englewood,LEXUSOFENGLEWOOD.COM
Casa Kia,casakia.com
Jeff Belzer's New Prague Ford,jeffbelzerford.com
Walker Volkswagen,walkervw.com
Priority Nissan of Williamsburg,prioritynissanwilliamsburg.com
Doug Marshall Motor City (2000) Ltd.,dougmarshallgm.com
Lexus of Lakeridge,lexusoflakeridge.com
Casa Nissan,casanissan.com
Jeff Belzer's Portal Site,jeffbelzer.com
South Pacific Auto Sales,southpacificautosales.com
South Pacific Auto Sales,southpacificpowersports.com
Doug Smith CJDR of American Fork,dougsmithchryslerjeepdodge.com
Priority Nissan/Mazda of Tyson's Corner,prioritynissantysons.com
Priority Nissan/Mazda of Tyson's Corner,prioritymazdatysons.com
Lexus of North Miami,lexusofnorthmiami.com
Cassens Chrysler Jeep Dodge Ram,cassenssons.com
Warren Henry INFINITI,warrenhenryinfiniti.com
Jeff D'Ambrosio Auto Group,jeffdambrosio.com
Doug Smith CJDR of Spanish Fork,dougsmithchryslerdodgejeepramspa
Priority Toyota of Chesapeake,prioritytoyotachesapeake.com
Lexus of Pembroke Pines,lexusofpembrokepines.com
Cecil Atkission Chrysler,cecilmotorscdjr.com
South Pointe Toyota,southpointetoyota.com
Warren Henry Jaguar,warrenhenryjaguar.com
Doug Smith Kia,dougsmithkia.com
Cecil Atkission Toyota,ceciltoyota.com
Priority Toyota of Hampton,prioritytoyotahampton.com
Warren Henry Key West Chrysler Dodge Jeep Ram,keywestcdjr.com
Jeff D'Ambrosio Chrysler Dodge Jeep Ram,jeffdambrosiochryslerjeepdodge.c
Lexus of Richmond Hill,lexusofrichmondhill.com
Cedar Rapids Toyota,cedarrapidstoyota.com
Southern Auto Group,drivingsouthern.com
Priority Toyota of Springfield,prioritytoyotaspringfield.com
Jeff D'Ambrosio Mitsubishi,gojeffmitsubishi.com
Southern Buick-GMC Lynnhaven,southernbuickgmc.com
Lexus of Smithtown,lexusofsmithtown.com
Central Ave. Chrysler Jeep Dodge,centralavenuechryslerjeep.com
Provincial Chrysler Ltd.,provincialchryslerdealer.com
Douglas Jeep Chrysler Dodge,douglasjeep.com
Jeff D'Ambrosio Volkswagen,gojeffvw.com
Southern Chevrolet,southern-chevrolet.com
Lexus of Southampton,lexusofsouthampton.com
Central Maine Auto Group,cmautogroup.com
Warren Henry Portal Site,warrenhenryauto.com
Pueblo Dodge Chrysler Jeep,pueblododge.com
Southern Chrysler Dodge Jeep,southernchryslerdodgejeep.net
Douglas Volkswagen,douglasvw.com
Jeff Haas Mazda,jeffhaasmazda.com
Liberty Auto City,libertyjeepchrysler.com
Southern GMC - Greenbrier,southerngmc.com
Puente Hills Chrysler Dodge Jeep Ram,puentehillschryslerdodgejeep.com
Dow Honda,dowhonda.com
Southern Greenbrier Chrysler Jeep,southernchryslerjeepgreenbrier.c
Liberty Auto Subaru,libertyautocitysubaru.com
Central Maine Chrysler Dodge Jeep Ram,centralmainechryslerdodgejeep.co
Wasatch Front Kia,HTTP://WWW.WASATCHFRONTKIA.COM
Wasatch Front Kia,wasatchfrontkiakiakia.com
Puente Hills Mitsubishi,puentehillsmitsubishi.com
Southern Kia Greenbrier,southernkiagreenbrier.com
Downey Nissan,es.downeynissan.com
Downey Nissan,downeynissan.com
Liberty Chrysler Jeep Dodge Ram,libertychryslerjeepdodgeram.com
Central Maine Motors Chevy Buick,centralmainechevybuick.com
Waterloo Dodge Chrysler Ltd.,waterloododge.com
Southern Kia Lynnhaven,southernkialynnhaven.com
Puente Hills Subaru,puentehillssubaru.com
Liccardi Chrysler Dodge,WWW.LICCARDICHRYSLERDODGE.COM
Liccardi Chrysler Dodge,liccardichryslerdodge.com
Southern Norfolk Airport Dodge Chrysler Jeep Ram,southernchryslerjeepdodge.com
Central Maine Toyota,cmtoy.com
Quality Chrysler Of Greenwood,qualitychryslerofgreenwood.com
Southern Pines Chevrolet Buick GMC,southernpinesauto.com
Lilliston Chrysler Dodge Jeep Ram,lillistonchryslerdodgejeep.com
Central Toyota,centraltoyota.com
Watermark Honda,watermarkhonda.com
Quality Kia Of Greenwood,qualitykiasc.com
Southern Pre-owned Car & Truck Liquidation Outlet,autoliquidationoutlet.com
Limbaugh Toyota,limbaughtoyota.com
Century 3 Chevrolet,century3chevy.com
Southern Volkswagen Greenbrier,southernvolkswagengreenbrier.com
Quality Nissan,qualitynissansc.com
Watson Benzie,watsonchryslerdodgejeep.com
Southfork Chrysler Dodge Jeep Ram,houstonchryslerdodgejeepram.com
Century 3 Kia,century3kia.com
Driven Auto Sales,drivenautosales.net
Southside Kia,southsidekiajax.com
Watson Ludington Chrysler Dodge,watsonludingtonchrysler.com
Lindsay Cadillac,lindsaycadillac.com
Quigley Chrysler Dodge Jeep Ram,quigleymotors.net
Driver's World,driversworld.com
Southwest Auto Sales,drivesouthwest.com
Lindsay Volkswagen Of Dulles,lindsayvolkswagen.com
Jennifer's Auto Sales,jennifersautosales.com
Century Ford of Mount Airy,centuryfordmtairy.com
Quinte RV,quinterv.ca
Southwest Ford,southwestford.com
Drivers Auto Mart,driversautomart.com
Watson Rogers City,watsonrogerscitychrysler.com
Lindsay Volvo Cars of Alexandria,lindsayvolvocarsofalexandria.com
Spartanburg Dodge,spartanburgchryslerdodgejeep.com
Jennings Volkswagen,jennings-vw.com
Cerritos Dodge Chrysler Jeep Ram,cerritosdodge.net
Cerritos Dodge Chrysler Jeep Ram,cerritosdodge.com
Duncan Acura,duncanacura.com
Watson's Manistee Chrysler Inc,watsonsmanisteechrysler.com
Quirk Auto Parts,quirkparts.com
Cerritos INFINITI,cerritosinfiniti.com
Jeremy Franklin Mitsubishi,jeremyfranklin.com
Speck Hyundai of Tri Cities,speckhyundai.com
Way Scarff Ford,scarfffordauburn.com
Way Scarff Ford,scarfffordauburn.net
Lochmandy Chrysler Jeep Dodge Ram Buick GMC,lochmandychrysler.com
Speedway Chevrolet,speedwaychevrolet.com
Certified AUTOBROKERS,idrivecertified.com
Duncan Hyundai,duncanhyundai.com
Waynesville Chevrolet Buick,waynesvillechevroletbuick.com
Lochmandy Motors,lochmandygm.com
Spirit Chrysler Dodge Jeep,spiritchryslerjeepdodge.com
Certified Benz and Beemers,buycbb.com
Duncan Mazda,duncanmazda.net
Sport Dodge,sportdodge.net
Waynesville Chrysler Dodge Jeep Ram,waynesvillechryslerdodgejeepram.
Lochmandy Motors Portal,lochmandymotors.com
Jerry Seiner Buick GMC North Salt Lake,seinernsl.com
Duncan's Hokie Honda,duncanhonda.com
Spreen Acura,spreenacura.com
Champion Chrysler Jeep Dodge,championdodgecalifornia.com
Champion Chrysler Jeep Dodge,gochampiondodge.com
London Honda,londonhonda.com
Quirk Pre-owned MA,quirkpreowned.com
Jerry Seiner Buick GMC South Jordan,seinersouthjordan.com
Weber Chevrolet Columbia,georgeweberchevy.com
Lone Star Chevrolet,lonestarchev.com
Spreen Honda,spreenhonda.com
Quirk Works Subaru,quirksubaruma.com
Jerry Seiner Cadillac,jerryseinercadillac.com
Jerry Seiner Cadillac,jerryseinercadillac.calls.net
Chapman Chevrolet,chapmansellschevys.com
Chapman Chevrolet,chapmansellschevrolet.com
Spreen Mazda,spreenmazda.com
Weber Chevrolet Creve Coeur,weberchev.com
Lone Star Dodge Chrysler Jeep,lonestardodgechryslerjeep.com
R & R Auto Group,rnrautogroup.com
Jerry Seiner Chevrolet,seinerchevy.com
Charleston Nissan,charlestonnissan.com
Springfield Acura,springfieldacura.com
Weber Chevrolet Granite City,webergranitecitychevy.com
Lonnie Cobb's Humboldt Chrysler Dodge Jeep Ram,humboldtdodgechryslerjeep.com
RB Car Company,rbcarcompany.com
EZ Car Connection,ezcarconnection.com
Jerry Seiner Kia Salt Lake,seinerkiaslc.com
Springhill Toyota,springhilltoyota.com
Chastang Chrysler Dodge Jeep Ram,chastangcdjr.com
Weber Chevrolet Portal,weberchevrolet.com
Stanley Auto Group,stanleyautogroup.com
Eagle Buick GMC,eaglebuickgmc.com
Jerry Seiner Kia South Jordan,seinerkiasj.com
Lou Bachrodt BMW,loubachrodtbmw.com
Eagle Ridge Chevrolet,eagleridgegm.com
Jerry's Hyundai,jerryshyundai.com
Checkered Flag Audi,audivirginiabeach.com
Stanley Chevrolet Buick GMC,stanleygm.com
Lou Bachrodt Volkswagen,loubachrodtvw.com
Weins Pre-Owned Centre,weinspreownedcentre.com
ROYAL MITSUBISHI,batonrougemitsubishi.com
Stanley Chrysler Dodge Jeep Gatesville,stanleycdjrgatesville.com
Eagle River Chrysler Ltd.,eagleriverchrysler.com
Jet Ski of Miami,jetskiofmiami.com
Checkered Flag Auto Group,checkeredflag.com
Welch Nissan,welchnissan.com
Lou Fusz Chrysler Dodge Jeep Ram,loufuszchryslerjeepdodge.net
Stanley Chrysler Dodge Jeep Ram Brownfield,stanleycdjrbrownfield.com
RV Canada Ottawa,rvcanadaottawa.ca
Earth Motor Cars,earthmotorcars.com
Checkered Flag Auto Outlet,checkeredflagoutlet.com
Jidd Motors,jiddmotors.com
Stanley Chrysler-Dodge-Jeep-Brownwood,stanleycdjrbrownwood.com
Stanley Chrysler-Dodge-Jeep-Brownwood,stanleychryslerdodgejeepbrownwood.com
Wendell Motor Sales Ltd.,wendellmotor.com
Lou Fusz Mazda,mazda.fusz.com
RV Canada Saint John,rvcanadasaintjohn.ca
East Tennessee Dod-Chry-Plym-Jeep,easttennesseedodge.com
Stanley Ford Brownfield,stanleyfordbrownfield.com
Checkered Flag BMW,bmw.checkeredflag.com
West Coast Auto Group,westcoast-autogroup.com
Low Book Sales,lowbooksales.com
RV Freedom,freedomrvusa.com
Stanley Ford McGregor,stanleyfordmcgregor.com
Eastchester Chrysler Jeep Dodge,eastchesterchryslerjeepdodgeram.
Eastchester Chrysler Jeep Dodge,eastchesterchryslerjeepdodgeram.com
Jim Bass Auto Group,bassbunch.com
Checkered Flag Honda,honda.checkeredflag.com
Starling Chevrolet,starlingchevycadillac.com
West Covina CDJR,westcovinacdjr.com
West Covina CDJR,wccdjr.com
Raceway Nissan,racewaynissan.com
Lucas Chrysler-Jeep-Dodge,lucaschryslerjeepdodge.com
Jim Bass Mazda,jimbassmazda.com
Checkered Flag Hyundai,hyundai.checkeredflag.com
Starling Chevrolet of orlando,starlingchevy.com
West Houston Subaru,westhoustonsubaru.com
Rainbow Chrysler Dodge Jeep of McComb,driverainbow.com
Jim Bass Nissan,jimbassnissan.com
Checkered Flag MINI,checkeredflagmini.com
Step One Automotive Group,steponeautomotive.com
West Houston Volkswagen,westhoustonvw.com
Rainbow Toyota,rainbowtoyota.com
Jim Bone Kia Of Santa Rosa,jimbonekia.com
Checkered Flag Porsche,checkeredflagporsche.com
Stephen Automall Centre,ctautomall.com
Lupient Buick GMC,lupientbuickgmc.com
West Palm Beach Kia,westpalmbeachkia.com
Rally Motorsports,rallymotorsports.ca
Stephen Toyota,stephentoyota.com
Checkered Flag Toyota,toyota.checkeredflag.com
Lupient Buick GMC of Rochester,lupientbgrochester.com
West Point Buick GMC,westpointbuickgmchouston.com
Ralph Sellers Chrysler Dodge Jeep,ralphsellerschryslerdodgejeep.fi
Ralph Sellers Chrysler Dodge Jeep,ralphsellerschryslerdodgejeep.co
Ralph Sellers Chrysler Dodge Jeep,ralphsellerschryslerdodgejeep.com
Stephens Chrysler Jeep Dodge of Greenwich,stephensofgreenwich.com
Checkered Flag Volkswagen,vw.checkeredflag.com
Checkered Flag Volkswagen,checkeredflagvw.com
Lupient Chevrolet,lupientchevrolet.com
West Texas Nissan,westtexasnissan.com
Sterling BMW,sterlingbmw.com
Randall Dodge Chrysler Jeep Ram,randalldodgechryslerjeep.com
Jim Butler Alfa Romeo,jimbutleralfaromeousa.com
Steve Hopkins Honda,stevehopkinshonda.com
Lupient Kia,cxamp.com
Lupient Kia,lupientkia.com
Jim Butler Auto Plaza,jimbutlerautoplaza.com
Easterns Auto Group/Directcarbuying.com,easterns.com
Easterns Auto Group/Directcarbuying.com,directcarbuying.com
Randall Reed's Prestige Ford,prestigegarland.com
Randall Reed's Prestige Ford,randallreedsprestigeford.com
Lupient Nissan of Rochester,lupientnissan.com
Westend Hyundai,westendhyundai.com
Eastgate Chrysler Jeep Dodge,eastgateauto.com
Jim Butler Chevrolet,jimbutlerchevrolet.com
Randy Wise Chrysler,randywisechryslerdodgejeepram.com
Randy Wise Chrysler,randywisechryslerdodgejeepram.co
Cherry Hill Jaguar,cherryhilljaguar.com
Western GMC Buick Ltd.,westerngmcbuick.com
Steve Landers Chrysler Dodge Jeep,landerscountry.com
Lustine Chrysler Dodge Jeep Ram,lustinedodgejeep.net
Jim Butler Chrysler Dodge Jeep Ram,jimbutlerchryslerdodgejeepram.co
Eastside Chevrolet Ltd.,eastsidegm.ca
Ray Brandt Volkswagen of South Mississippi,vwofsm.com
Chevrolet Gunn,gunnchevrolet.com
Westgate Chrysler Jeep Dodge Inc,westgateauto.com
Steven KIA,stevenkia.com
Lustine Toyota,lustinetoyota.com
Eastside Mazda,esmazda.com
Ray Chevrolet,raychevrolet.com
Ray Chevrolet,raychevrolet.net
Chevrolet Of Covina,covinachevrolet.com
Chevrolet Of Covina,chevyofcovina.com
Weston Ford,westonford.ca
Steven Nissan,stevennissan.com
Luther Land Rover Minneapolis,landroverminneapolis.com
Jim Butler Kia,jimbutlerkia.com
Ray Chrysler Dodge Jeep RAM,raychryslerdodgejeepram.com
Weston Nissan,westonnissan.com
Steven Toyota,steventoyota.com
Luxury Auto Mall of Sioux Falls,luxuryautomallofsiouxfalls.com
Eastside Volkswagen,eastside-vw.com
Jim Butler Linn Chevrolet,midmopowerhouse.com
Ray Cullen Chevrolet Buick GMC,raycullen.com
Childre Nissan,childrenissan.com
Stewart Chrysler Dodge Jeep Ram,stewartchryslerdodgejeepram.com
Weston Volvo,westonvolvocars.com
Eastview Chevrolet Buick GMC Ltd.,eastviewchev.ca
Ray Price Cars,raypricecars.com
Chrysler Dodge Jeep Ram Crestview,chryslerdodgejeepcrestview.com
Stockton Hyundai,stocktonhyundai.net
Stockton Hyundai,stocktonhyundai.com
Westpointe Chrysler Jeep Dodge Ram,westpointechryslerjeepdodge.com
Lynch Chevrolet of Mukwonago,lynchchevroletofmukwonago.com
Red Hoagland Hyundai,redhoagland.com
Chrysler Dodge Jeep Ram Ft. Walton Beach,chryslerdodgejeepftwalton.com
Stokes Honda Cars of Beaufort,stokeshondabeaufort.com
Jim Coleman Cadillac,jimcolemancadillac.com
Westshore Marine & Leisure,westshoremarine.ca
Eddie Tourelle's Northpark Nissan,northparknissan.financing.dealer
Eddie Tourelle's Northpark Nissan,northparknissan.com
Lynch Chrysler Dodge Jeep,lynchchryslerdodgejeepram.com
Red River Dodge Chrysler Jeep Llc.,redriverdodge.net
Chrysler Jeep Dodge Ram of North Olmsted,northolmstedcjdr.com
Stokes Toyota of Beaufort,stokestoyotabeaufort.com
Jim Coleman INFINITI,jimcolemaninfiniti.com
Eddy's Chevrolet Cadillac,eddyschevroletcadillac.com
M & L Chrysler Jeep Dodge Inc,mlchryslerdodgejeepramlexington.com
M & L Chrysler Jeep Dodge Inc,mlchryslerdodgejeepramlexington.
Westside Chevrolet,westsidechevrolet.com
Westside Chevrolet,westsidechevroletkaty.com
Reed Jeep Chrysler Dodge Ram,reedjeep.com
Stokes Toyota of Hilton Head,stokestoyotahiltonhead.com
Stokes Toyota of Hilton Head,stokesbrowntoyotahiltonhead.com
Chrysler World Inc,application.chryslerworld.com
Chrysler World Inc,chryslerworld.com
Jim Coleman Infiniti of Silver Spring,infinitiofsilverspring.com
Eddy's Chrysler Dodge Jeep Ram,eddyschryslerdodgejeepram.com
MCGRATH ARLINGTON KIA,mcgratharlingtonkia.com
Westside Hyundai,westsidehyundai.com
Reed-Lallier Chevrolet Inc,rlchevy.com
Reed-Lallier Chevrolet Inc,cxamp.com
Reed-Lallier Chevrolet Inc,reedlallier.com
Stoneridge Chrysler Jeep Dodge of Dublin,stoneridgechryslerjeepdodgeofdub
Circle Audi,circleaudi.com
Jim Coleman Toyota,jimcolemantoyota.com
Stouffville Chrysler,stouffvillechryslerdodgejeepram.
Eddy's Everything (Portal),eddyseverything.com
MERCEDES-BENZ OF DRAPER,mbdraper.com
Westside Kia,westsidekiahouston.com
Westside Kia,westsidekia.com
Regal Nissan,regalauto.com
Circle Porsche,circleporsche.com
Stouffville Toyota,stouffvilletoyota.com
Eddy's Mazda of Lee's Summit,eddysmazda.com
Jim Falk Lexus-Beverly Hills,jimfalkbeverlyhillslexus.com
MY KIA,mykia.com
Westside Nissan of Jacksonville,westsidenissan.com
Regional Hyundai,regionalhyundai.com
Stratford Motor Products,buysmp.com
Citrus Kia,citruskia.com
Jim Glover Auto Family,jimglover.com
Eddy's Toyota of Wichita,eddystoyota.com
Wetmore's Inc,wetmoresonline.com
Mac Haik CJDR Temple,machaikdodge.net
Reid Bros. Motor Sales Ltd.,reidbros.ca
City Honda,steelehonda.com
Stuteville of Poteau Chrysler Dodge Jeep Ram,stutevillepoteaucdjr.com
Jim Glover Chrysler Dodge Jeep Ram,jimgloverdodge.com
Wheaton Chevrolet,wheatonchev.com
Reliable Motors Ltd.,reliablemotors.ca
Mac Haik Dodge Chrysler Jeep,machaikdcj.com
Subaru Fort Walton Beach,subaruftwaltonbeach.com
Subaru Of Orange Park,subaruoforangepark.com
Wheaton Chevrolet Red deer,wheatonchevroletreddeer.com
MacLang (Sundridge) Ltd.,maclang.ca
Classic Chevrolet Denison,classicchevroletdenison.com
Subaru of Bend,subaruofbend.com
Eich Mazda,eichmazda.com
Wheaton GMC Buick Cadillac,wheatonsaskatoon.com
Jim Glover on the River,jimgloverchevyontheriver.net
Jim Glover on the River,jimgloverchevyontheriver.com
Magnuson Ford Sales Ltd.,magnusonford.com
Subaru of Pembroke Pines,subaruofpembrokepines.com
Classic Chevrolet Inc,classicchevrolet.net
Classic Chevrolet Inc,clickonclassic.com
Eich Motor Company,eichmotor.com
Renn Kirby Superstore,rennkirbysuperstore.com
Jim Hudson Lexus,augustalexus.com
Sullivan Buick GMC,ocalabuickgmc.com
White Plains Chrysler Jeep Dodge,whiteplainschrysler.co
White Plains Chrysler Jeep Dodge,whiteplainschrysler.com
Mall of Georgia Chrysler Dodge Jeep,mallofgeorgiachryslerdodgejeep.c
Classic Chevrolet of Houston,classicchevroletofhouston.com
Eich Volkswagen,eichvw.com
Rentschler Chrysler Jeep Dodge,rentschlerchryslerjeepdodge.com
Sullivan Cadillac,sullivancadillac.com
Whitewater Motors,whitewatermotors.com
Malloy Hyundai,malloyhyundai.com
Classic Chevy Sugar Land,classicchevyhouston.com
Jim Johnson Hyundai,jimjohnsonhyundai.com
Rice Chrysler Jeep Dodge,ricecjd.com
Sullivan Motors,sullivanmotorsusa.com
Malloy Toyota,malloytoyota.com
Elder Chrysler-Dodge-Jeep,elderchryslerdodgejeep.com
Clay County Chrysler Dodge Jeep,claycountychryslerdodgejeepram.co
Jim Johnson Nissan,jimjohnsonnissan.com
Wilson Chrysler Jeep Dodge,wilsonchryslerdodgejeep.com
Richard Chevrolet,richardchevy.com
ManchesterCityNissan.com,manchestercitynissan.com
Sunrise Chevrolet,drivesunrisechevy.com
Elder Hyundai,elderhyundai.com
Clear Lake Dodge,houstondodgedealer.com
Richland Chevrolet,rldchev.com
Sunrise Chevrolet (Garber),sunrisechevrolet.com
Wilson Hyundai,wilsonhyundai.com
Manhattan Beach Toyota,manhattanbeachtoyota.com
Elgin Chrysler Ltd.,elginchrysler.ca
Jim Lupient Infiniti,lupientinfiniti.com
Sunrise Volkswagen Inc,sunrisevolkswagen.com
Clear Lake INFINITI,clearlakeinfiniti.com
Wilson Kia on Lakeland,wilsonkia.com
Mann Chrysler Dodge Jeep of Richmond,mannchryslerdodgejeepofrichmond.com
Mann Chrysler Dodge Jeep of Richmond,mannchryslerdodgejeepofrichmond.
Elliott Auto Group,elliottautogroup.com
Sunset Country Ford Ltd.,sunsetcountryford.com
Jim Riehl's Cadillac,jimriehlcadillac.com
Coachella Valley volkswagen,coachellavalleyvolkswagen.com
Richmond Ford Lincoln,richmondfordlincoln.com
Wilson Motors,wilsonmotorschryslerdodgejeep.co
Maple City Dodge,maplecitydodge.net
Sunset Ford,sunsetautocofordfd.cms.dealer.com
Sunset Ford,sunsetfordstlouis.com
Jim Riehl's Friendly Chry Jeep Inc,warren.jimriehl.com
Jim Riehl's Friendly Chry Jeep Inc,jimriehlsfriendlychryslerjeep.co
Wilson Premier Hyundai,wilsonpremierhyundai.com
Richmond Ford West,richmondfordwest.com
Marine Chevrolet,marinechevy.com
Coconut Creek Hyundai,coconutcreekhyundai.com
Jim Riehl's Friendly Chrysler Dodge Jeep Ram,jimriehlsfriendlychrysler.com
Windsor Chrysler,windsorchrysler.com
Richmond Hill Hyundai,richmondhillhyundai.com
Marino's Fine Cars Subaru,marinosfinecars.com
Erhard BMW of Farmington Hills,erhardbmwoffarmingtonhills.com
Jim Riehl's Honda,honda.jimriehl.com
Cogswell Motors,cogswellmotors.com
Erinwood Ford Sales Inc.,erinwoodford.com
Sunset Ford of Waterloo,sunsetfordwaterloo.com
Jim Salerno Buick GMC,jimsalernobuickgmc.com
Windward Dodge Chrysler Jeep,windwarddodgechryslerjeep.com
Windward Dodge Chrysler Jeep,jerryforthepeople.com
Richmond Hill Toyota,richmondhilltoyota.com
Mark Dodge Chrysler Jeep,markdodge.net
Ernie Palmer Toyota,erniepalmertoyota.com
Sunset Kia Of Venice,sunsetkiavenice.com
College Station Ford Lincoln,collegestationford.com
Windward Hyundai,hyundaiwindward.com
Evans KIA,evanskia.com
Collierville Chrysler Dodge Jeep Ram,colliervillechryslerdodgejeepram
Rick Hill Imports,rickhillimports.com
Mark Kia of Scottsdale,markkia.com
Suntrup KIA South,suntrupkiasouth.com
Jim Thompson Chrysler,ramtruck.ca
Jim Thompson Chrysler,dodgeoffers.ca
Jim Thompson Chrysler,jimthompsonchrysler.com
Colonial Subaru,subarucolonial.com
Withnell Dodge,withnelldodge.net
Mark Martin Kia,markmartinkia.com
Joe Cecconi's Chrysler Complex,joececconischryslercomplex.com
Colonial Volkswagen,vwcolonial.com
Withnell Hyundai,withnellhyundai.net
Mark Mitsubishi,markmitsubishiscottsdale.com
Evans Volkswagen,evansvolkswagen.com
Superior Dodge Chrysler Jeep,superiorfivestar.com
Joe Holland Volkswagen,joehollandvw.com
Rinaldi Chrysler Dodge Jeep Ram,rinaldichryslerdodgedodgetrucksj
Wolfchase Chrysler Dodge Jeep,wolfchasecdj.com
Mark's Casa Chrysler Jeep,casachryslerjeep.com
Superior Dodge Chrysler Jeep Ram of NW Arkansas,superiorautomall.com
Joe Machens Ford,machensford.com
Community Motors,communitymotorschryslerdodgejeep.
Community Motors,communitymotorschryslerdodgejeep
Wondries Toyota,wondriestoyota.com
Markville Toyota,markville.com
Everett Chevrolet Buick GMC Cadillac,hickorycadillac.com
Everett Chevrolet Buick GMC Cadillac,hickorycadillac.calls.net
Everett Chevrolet Buick GMC Cadillac,everettchevy.com
Superior Ford,superiorfordnwa.com
John Amato Nissan,amatonissan.com
Connell Chrysler Dodge,connellchryslerdodge.com
Wood Wheaton Chevrolet Cadillac Ltd.,woodwheaton.com
River Oaks Chrysler Jeep Dodge,riveroakscars.com
Marlboro Nissan,marlboronissan.com
Everett Chevrolet Buick GMC Morganton,morgantonchevy.com
Superior Kia Fayetteville,superiorkia.com
John Greene Chrysler Dodge Jeep LLC,johngreenechrysler.com
Coquitlam Chrysler,coquitlamchryslerdodge.com
Riverdale Chrysler Jeep,riverdalechryslerjeep.com
Marlette CDJR,marlettechryslerjeepdodgeram.com
John L. Sullivan Dodge Chrysler Jeep Ram,johnlsullivandodgechrysler.com
Coral Springs Auto Mall,coralspringsautomall.com
Woodbury Nissan,woodburynissan.com
Riverside Autoplex of Muskogee,riversideautoplexmuskogee.com
Riverside Autoplex of Muskogee,riversideautoplexofmuskogee.com
Ewald Automotive Portal,ewaldauto.com
Marostica Hyundai,marosticahyundai.com
Surprise Honda,surprisehonda.net
Coral Springs Buick GMC,coralspringsgmcbuick.com
John Sauder Chevrolet Ephrata,ephratajohnsauderauto.com
Riverside KIA,riversidekia.com
Maserati Alfa Romeo of Bakersfield,maseratiofbakersfield.com
Ewald Chevrolet Buick,ewaldchevroletbuick.com
Susquehanna Chrysler Dodge Jeep Ram,susqauto.net
John Sauder Chevrolet New Holland,newhollandjohnsauderauto.com
Coral Springs Honda,coralspringshonda.com
Woodchester Nissan,woodchesternissan.ca
Swant Graber Motors,swantgraber.com
Riverside Melfort,riversidemelfort.ca
Maserati of Arlington,maseratiofarlington.com
Ewald Chrysler Jeep Dodge Ram of Oconomowoc,chryslerofoconomowoc.com
Ewald Chrysler Jeep Dodge Ram of Oconomowoc,ewaldchrysler.net
Swanty's CDJR of Bullhead City,swantyschryslerdodgejeep.com
Johnnie Walker RV,johnniewalkerrv.com
Coral Springs Kia,coralspringskia.com
Woody's Automotive Group,wowwoodys.com
Roanoke Motor Co,romocoinc.com
Ewald Chrysler Jeep dodge Franklin,ewaldchryslerjeepdodge.net
Ewald Chrysler Jeep dodge Franklin,ewaldcjdr.com
Swope Chrysler Dodge Jeep,swopechryslerdodgejeep.com
Johnny Roberts Motors Inc,johnnyrobertsmotors.net
Coral Springs Nissan,coralspringsnissan.com
World Volkswagen,worldvw.net
Robert Loehr CJDR,robertloehrchryslerdodgejeepram.com
Robert Loehr CJDR,robertloehrchryslerdodgejeepram.
Johnson Dodge Chrysler Jeep,johnsondodge.net
Ewald's Venus Ford,ewaldsvenusford.com
Robertson Honda Inc,robertsonhonda.com
Johnston Chrysler Fiat,johnstonchrysler.com
Coralville Used Car Superstore,coralvillesuperstore.com
Yonkers Kia,yonkerskia.com
Ewalds Hartford Ford,ewaldshartfordford.com
Rochester Hills Chrysler Jeep Dodge,rochesterhillschryslerjeep.net
Jones Buick,jonesgmcbuick.com
York Ford Inc,yorkford.com
Rock Honda,rockhonda.com
Jones Chevrolet,joneschevy.com
Corwin Ford Tri-Cities,corwinfordtricities.com
Express Auto Sales III,expressauto3.com
Rock River KIA,driverockriverkia.com
Tamiami Hyundai,tamiamihyundai.com
Jordan Toyota,jordantoyota.com
Country Chrysler Dodge Jeep RAM,countrychryslerdodgejeep.net
Zeck Chevy,zeckchevrolet.net
Rock Road Auto Plaza,rockroadautoplaza.com
Tarrytown Honda,tarrytownhonda.com
Country Road RV,sundrerv.ca
Joseph Chevrolet,josephchevrolet.com
Zeck Ford,zeckford.com
Rocky Mountain Dodge Chrysler Jeep Ltd.,rockydodge.com
Expressway Chevrolet Buick GMC,expresswaygm.com
Jts Chrysler Dodge Jeep Ram,jtschryslerdodgejeepram.com
Jts Chrysler Dodge Jeep Ram,jtsjeep.webstreaksites.com
Zimbrick Buick GMC Eastside,zimbrickbuickeast.com
Rogers & Rogers Chrysler Jeep Dodge,rogerschryslerjeepdodge.com
Expressway Dodge Chrysler Jeep Ram,expresswaydodge.net
Zimbrick Eastside Hyundai,zimbrickhyundaieastside.com
Rogers Dabbs Chevrolet,rogersdabbs.com
Taylor Chevrolet Buick,taylorchev.com
Taylor Chevrolet Buick,taylorscadillac.com
Courtesy Car City Portal,courtesycarcity.com
Expressway Ford,expresswayfordmountvernon.com
Zimbrick Hyundai West,zimbrickhyundaiwest.com
Ron Macgillivray Chevrolet Ltd.,ronmacgillivraychev.com
Taylor KIA Of Boardman,taylorkiaofboardman.com
Courtesy Chevrolet,courtesychev.com
Zimbrick Nissan,zimbricknissan.com
Ron Norris Buick GMC,ronnorrisbuickgmc.com
Ron Norris Buick GMC,ronnorrishonda7-px.autopurchase.
Taylor Made Automotive,taylormadeautomotive.net
KIA Mall Of Georgia,kiamallofga.com
Expressway Jeep Chrysler Dodge,expresswayjeepchryslerdodge.net
Courtesy Chevrolet Broussard,courtesybroussard.com
Ron Norris Honda,ronnorrishonda.com
Taylor Toyota of Hermitage,hermitagetoyota.com
KIA Of Alliance,kiaofalliance.com
Expressway Mitsubishi,expresswaymitsubishi.com
Courtesy Chevrolet San Diego,courtesysandiego.com
Ron Sayer Chrysler Jeep Dodge,ronsayerschryslerjeepdodge.com
Team Dodge Chrysler Jeep of Huntsville,teamhuntsville.com
Exton Nissan,extonnissan.com
KIA Of Bedford,kiaofbedford.com
Courtesy Chrysler Dodge Jeep Ram,courtesydodgechryslerjeepram.com
Ron Sayer's Nissan,sayernissan.com
Team Honda,m.teamhonda.com
Team Honda,teamhonda.com
KIA Of Bradley,kiaofbradley.com
valley hi honda,valleyhihonda.com
Rose City Chrysler,rosecitychrysler.com
Covert Chrysler Dodge Jeep Ram,covertchryslerdodgejeepram.com
Team Mazda,teammazda.com
KIA Of Union City,kiaofunioncity.com
Rosen KIA of Milwaukee,kiamilwaukee.com
Cowboy Dodge Inc,cowboychryslerdodgejeep.com
Team Toyota,team-toyota.com
KIA of Des Moines,kiadm.com
Cox Toyota,coxtoyota.com
FH Dailey Chevrolet,fhdailey.com
KIA of Waldorf,kiaofwaldorf.com
Roseville Chrysler Jeep Dodge,rosevillechryslerjeepdodge.net
Cr Chrysler Dodge Jeep Ram,crchryslerdodgejeepram.com
Team Used Cars,teamusedcarsbatonrouge.com
Rosner Chevrolet,rosnerchevrolet.calls.net
Rosner Chevrolet,rosnerchevrolet.com
Kahlo Chrysler Jeep Dodge,hellokahlo.com
Craig Dunn Motor City,cdmc.ca
Tejas Toyota,tejastoyota.com
FX Caprara,fxcaprara.com
Roswell Honda,roswellhonda.com
Kanata Toyota,kanatatoyota.com
Crazy Cheap Cars,crazycheapcars.com
Temecula Hyundai,temeculahyundai.financing.dealer
Temecula Hyundai,genesisoftemecula.com
Temecula Hyundai,temeculahyundai.com
Fair Isle Ford (Charlottetown) Ltd.,fairisleford.com
Crenwelge Motors,crenwelgemotors.net
KarMART Volkswagen of Maui,karmartmaui.com
KarMART Volkswagen of Maui,mauivw.com
Temecula Nissan,temeculanissan.com
Fairly Reliable Bob's,fairlys.com
Roswell Nissan,roswellnissan.com
Crestview Chrysler Dodge Jeep,crestviewchrysler.ca
Crestview Chrysler Dodge Jeep,crestviewchryslerdodgejeepram.ca
Tempe Chrysler Dodge Jeep Ram,tempechryslerjeepdodge.net
Falvey's Motors,falveys.com
Roy Foss Thornhill,royfossthornhill.com
Kearny Pearson Kia,kearnypearsonkia.com
Cronic Chrysler Dodge Jeep Ram,cronicchryslerdodgejeepram.com
Tempe kia,tempekia.com
Family Honda,myfamilyhonda.com
Roy Foss Woodbridge,royfosswoodbridge.com
Roy Foss Woodbridge,royfosscadillacwoodbridge.com
Keating  Nissan,keatingnissan.com
Cross Chrysler Jeep,crossjeepchrysler.com
Tenvoorde Ford,tenvoordeford.com
Family KIA,familykia.com
Royal Buick GMC,royaladvantage.com
Crossroads Chevrolet Cadillac,crossroadschevroletjoplin.com
Crossroads Chevrolet Cadillac,crossroadsjoplin.com
Keating Honda,keatinghonda.com
Terry Thompson Chevrolet,terry-thompson.com
Terry Thompson Chevrolet,terrythompsonchevrolet.com
Family Volkswagen,familyvw.com
Croton Auto Park,crotonautopark.com
Keene Dodge Chrysler Jeep,keenedodge.net
Texan Buick GMC,texangm.com
Royal Nissan Baton Rouge,royalnissan.com
Royal Nissan Baton Rouge,nissandealersecureforms.cdk.com
Crowley Auto Group,crowleyauto.com
Keffer Chrysler Jeep Dodge Ram,kefferjeep.com
Texan Dodge Chrysler Jeep Ram,texandodgechryslerjeepram.com
Feeny Chrysler Jeep Dodge of Midland,feenychryslerdodgeofmidlandcllc.
Feeny Chrysler Jeep Dodge of Midland,feenychryslerdodgeofmidland.com
Keffer Hyundai,kefferhyundai.net
Keffer Hyundai,kefferhyundai.com
Texan Drive,texandrive.com
Fenton Nissan East,fentonnissaneast.com
Rusnak BMW,rusnakbmw.com
Crowley Chrysler Jeep Dodge Ram,crowleychryslerjeepdodge.com
Crowley Chrysler Jeep Dodge Ram,crowleyauto.com
Keffer Kia,kefferkia.com
Texas Dodge Chrysler Jeep,texasdodge.net
Fenton Nissan West,fentonnissanwest.com
Crowley Ford LLC,crowleyauto.com
Russell & Smith Honda,rshonda.com
Keffer Mazda,keffermazda.com
Texoma Hyundai,texomahyundai.financing.dealer.c
Texoma Hyundai,texomahyundai.com
Fenton Nissan of Knoxville,fentonnissanofknoxville.com
Crowley Kia,crowleyauto.com
Russell & Smith Mazda,russellsmithmazda.com
Keffer Volkswagen,keffervw.com
Ferrari of Newport Beach,ferrariofnewportbeach.com
Crowley Nissan,crowleynissan.com
Crowley Nissan,crowleyauto.com
Ryan Chrysler Dodge Jeep Ram,ryancdjr.com
The Collection Auto Group,thecollection.com
Kelley Sales & Service,kelleychryslerdodgejeep.com
Fiat Of North Miami,fiatusaofnorthmiami.com
Fiat Of North Miami,alfaromeousaofnorthmiami.com
Crowley Volkswagen,crowleyvw.com
Crowley Volkswagen,crowleyauto.com
Ryan Ford,ryanford.com
The Jeep Store,seaviewauto.net
The Jeep Store,thejeepstore.com
Kelly Jeep Chrysler Dodge Ram,kellycdjrofmethuen.com
STA Auto Group,staautogroup.com
The Lakehead Motors Limited,lakeheadmotors.ca
The Lakehead Motors Limited,lakeheadmotorsdealer.com
Fiesta Honda,safiestahonda.com
Crown Kia of Longview,kiaoflongview.com
STEPHEN CADILLAC GMC,stephenbuickgmc.com
STEPHEN CADILLAC GMC,stephencadillac.com
Ken Shaw Lexus,kenshawlexus.com
The Luxury Collection Of Walnut Creek,tlcwc.com
Crystal CJDR/FIAT,crystalchrysler.com
Ken Shaw Toyota,kenshawtoyota.ca
Crystal Lake Chrysler Jeep,crystallakechryslerjeep.net
Safford Chrysler Jeep Dodge Of Fredericksburg,saffordoffredericksburg.com
Kendall Chrysler Dodge Jeep Ram,kendallchryslerdodgejeep.com
Kendall Chrysler Dodge Jeep Ram,kendalldodgechryslerjeepram.com
Curtiss Ryan Honda,curtissryan.com
Safford Chrysler Jeep Dodge Of Springfield,saffordofspringfield.com
D'Amico Chrysler Dodge Jeep,damicochryslerdodgejeep.com
Safford Chrysler Jeep Dodge Of Winchester,saffordofwinchester.com
Key Auto Mall Portal,keyautomall.com
Thomas Kia of Highland,thomaskia.com
Thomas Kia of Highland,hotkiadeals.com
Safford Chrysler Jeep Dodge of Warrenton,saffordofwarrenton.com
Safford Hyundai Of Springfield,saffordhyundai.com
Keyes Audi,audivalencia.com
Thompson Chrysler Dodge Jeep RAM of Harford County,thompsonchryslerjeep.net
Safford Kia,saffordkia.com
Keyes European,keyesmercedes.com
Thompson Chrysler Dodge Jeep Ram,thompsonchryslerdodgejeep.net
Sahara Chrysler Jeep Dodge RAM,saveonsahara.com
Sahara Chrysler Jeep Dodge RAM,saharachryslerdodgejeepram.com
Keyes Honda,keyeshonda.com
Keyes Lexus,keyeslexus.com
Sahara Motors Inc,saharamotorschryslerdodgejeep.com
Keyes Mission Hills Hyundai,mhhyundai.com
Thornhill Ford Lincoln,thornhillford.net
Keyes Toyota,keyestoyota.com
Thornhill GM Superstore,thornhillgmsuperstore.com
Salerno Duane Chrysler Jeep,salernoduanesummit.com
Keyes Woodland Hills Buick Cadillac,woodlandhillscadillac.com
Keyes Woodland Hills Buick Cadillac,woodlandhillsgm.com
Thornhill Hyundai,thornhillhyundai.com
Salerno Duane Ford,salernoduaneford.com
Thornhill Mitsubishi,thornhillmitsubishi.com
Keystone Chevrolet,keystonechevytulsa.com
Keystone Chevrolet,keystonechevrolet.com
Sam Leman Chrysler-Jeep-Dodge Peoria,samlemanpeoria.com
Thornton Automotive,thornton247.com
Keystone Volvo Cars of Berwyn,berwynvolvo.com
Keystone Volvo Cars of Doylestown,doylestownvolvo.com
San Leandro Chrysler Dodge Jeep RAM,sanleandrocdjr.com
Thornton Chrysler Dodge Jeep Ram,tjeepram.com
Kia Fort Walton Beach,kiaftwaltonbeach.com
San Marcos Chrysler Dodge Ram Jeep,sanmarcoschryslerdodge.net
Kia Motors Of Old Saybrook,kiaofoldsaybrook.com
Sands Kia,sandskia.com
Thoroughbred Nissan,thoroughbrednissan.com
Kia Of Greer,kiaofgreer.com
Thunder Chrysler Dodge Jeep Ram,thunderchrysler.com
Kia Of Orange,kiaoforange.com
Savage 61 Chrysler Dodge Jeep Ram,savagedodge.net
Tilleman Motor Co,tillemanmotor.com
Kia Of West Nyack,kiaofwestnyack.com
Schaumburg KIA,schaumburgkia.com
Tilleman Motor Co. Hi-line Dodge,hi-linedodge.com
Kia of Abilene,kiaofabilene.com
Schlossmann's Dodge City Chrysler Jeep,1dodgecity.com
Kia of Augusta,kiaofaugusta.com
Schlossmann's Honda City,hondacity.net
Tim Short Dodge Chrysler Jeep  Ram-Middlesboro,cxamp.com
Tim Short Dodge Chrysler Jeep  Ram-Middlesboro,timshortmiddlesboro.com
Kia of Gastonia,kiaofgastonia.com
Scott Crump Toyota,scottcrumptoyota.com
Kia of Greenville,kiaofgreenville.com
Kia of Laurel,kiaoflaurelms.com
Sears Imports,searsimports.com
Tom Bush BMW Jacksonville,tombushbmw.com
Kia of Murfreesboro,kiaofmurfreesboro.com
Tom Bush BMW Orange Park,opbmw.com
Kia of Orange Park,kiaoforangepark.com
Secor Mitsubishi,secormitsubishi.com
Tom Bush Mazda,tombushmazda.com
Kia of St. Cloud,kiaofstcloud.com
Secor Volvo,secorvolvocars.com
Tom Bush Volkswagen,tombushvw.com
Kia of Streetsboro,kiaofstreetsboro.com
Select Motors,selectmotorsinc.com
Tom Kadlec Kia,tomkadleckia.com
Kia of Vero Beach,kiaofverobeach.com
Selkirk Chrysler Ltd.,selkirkcdjr.com
Tom O'Brien Chrysler Jeep Dodge Ram - Greenwood,tomobriengreenwood.com
Killebrew Inc,victoriadodge.com
Serra Honda Of Sylacauga,serrahonda.net
Tom O'Brien Chrysler Jeep Dodge Ram- Indianapolis,tomobrienindy.com
Kimberly BMW of Davenport,bmwofdavenport.com
Serra Nissan of Sylacauga,serranissanofsylacauga.com
Tom Scott Toyota,tomscotttoyota.com
Kimberly Car City,kimberlycarcity.com
Kimberly Car City,kimberlycarcity.financing.dealer
Seven View Chrysler,sevenviewchrysler.ca
Tomball Dodge Chrysler Jeep,tomballdodge.com
Tomball Dodge Chrysler Jeep,cxamp.com
Kingston Dodge Chrysler (1980) Ltd.,kingstondodge.com
Shearer Volkswagen of South Burlington,shearervw.com
Tomball Ford,tomballford.com
Kinsel Toyota,kinseltoyota.com
Sheehan Cadillac,sheehancadillac.com
Tommie Vaughn Chrysler Jeep Dodge,tommievaughnchryslerjeepdodge.co
Tommie Vaughn Ford,tommievaughnfordcolumbus.com
Kitchener Ford,kitchenerford.com
Shelbyville Chrysler Products Inc,shelbyvillechryslerproducts.com
Tommy Nix Auto Group,tommynixautogroup.com
Knight Auto Haus Volkswagen,knightvw.ca
Shelly BMW,shellybmw.com
Toms River Mitsubishi,tomsrivermitsubishi.com
Knight Automotive Group,knighthasit.com
Sheridan Motor Inc,sheridanmotorcdjr.com
Toms River Volkswagen,tomsrivervw.com
Sherman Dodge Chrysler Jeep,shermandodge.com
Tony Graham Automotive Group,tonygraham.com
Sherway Nissan,sherwaynissan.com
Knight Chrysler Dodge Jeep Ram,knightdodge.ca
Knight Ford Lincoln,knightfordlincoln.ca
Tony Graham Lexus,tonygrahamlexus.com
Knight Nissan,knightnissan.ca
Sherwood Ford,sherwoodford.ca
Tony Graham Toyota,tonygrahamtoyota.com
Shimkat Motor Co,shimkatmotor.net
Torgerson Auto Center,torgersonautocenter.com
Shively Motors Of Chambersburg,shivelymotorsofchambersburg.com
Torre Nissan,torrenissan.com
Knox Chrysler Jeep Dodge,knoxjeep.com.au
Shively Motors of Shippensburg,shivelymotorsofshippensburg.com
Town & Country Jeep Chrysler Dodge Ram,towncountryjeepchryslerdodge.com
Knox Ford,knoxford.com.au
Shottenkirk Toyota,shottenkirktoyota.com
Shuman Motor Sales Inc,shumanmotor.financing.dealer.com
Shuman Motor Sales Inc,shumanmotor.net
Towne Hyundai,townehyundai.com
Kocourek Hyundai,hyundaiwausau.com
Sierra Acura Of Alhambra,sierraacura.com
Towne Toyota,townetoyota.com
Kocourek Kia,kocourekkia.com
Sierra Chevrolet,sierrachevrolet.com
Townsend NISSAN,townsendnissan.cms.dealer.com
Townsend NISSAN,townsendnissan.com
Kocourek Nissan,kocoureknissan.com
Smail Acura,smailacura.com
Kolosso Chrysler Jeep Dodge,kolossochryslerjeepdodgeramwi.co
Smail Auto Group,smailauto.com
Koons Mazda of Silver Spring,koonsmazda.com
Smail Buick GMC Cadillac,smailbuickgmc.com
Smail Buick GMC Cadillac,smailcadillac.com
Kranz Family Chrysler,kranzfamily.com
Smail Honda,smailhonda.com
Krebs Chrysler Jeep Dodge,krebscjd.com
Smail Kia,smailkia.com
Kunes Country Chrysler Dodge Jeep Ram of Elkhorn,kunescountrychryslerdodgejeepram
Smith Volkswagen,smithvw.com
Kuni Honda,kuni-honda.com
Kuni Honda,cxamp.com
Smolich Chrysler Jeep Dodge,jimsmolichmotors.net
Kurtis Chevrolet Inc,kurtischevrolet.com
Smolich Nissan,smolichnissan.com
Smolich Used Portal,smolichusedcarcenter.com
Kyle Edwards Buick GMC,kyleedwardsbuickgmc.com
Smolich Volvo,smolichvolvocars.com
Kyle Edwards Chevrolet,kyleedwardsautogroup.com
Smythe Volvo,smythevolvocars.com
Kyle Edwards Chrysler Dodge Jeep Ram,kyleedwardschryslerdodgejeepram.com
Sonju Superstore,sonju.com
Sour Lake Chevrolet,sourlakechevy.com
Sour Lake Chrysler,sourlakemotor.net
South Bay BMW,southbaybmw.com
South Bay BMW,southbaybmw.financing.dealer.com
LaFontaine Chrysler Dodge Jeep Ram FIAT of Lansing,lafontainecdjrlansing.net
South Bay Lexus,southbaylexus.com
LaFontaine Chrysler Dodge Jeep Ram of Clinton,lafontainecdjrclinton.com
South Bay Mini,southbaymini.com
LaFontaine Chrysler Dodge Jeep Ram of Fenton,lafontainechryslerdodgejeepramfe
LaFontaine Chrysler Dodge Jeep Ram of Fenton,lafontainechryslerdodgejeepramfenton.com
South Bay Volkswagen,vwsouthbay.com
LaFontaine Subaru,lafontainesubaru.com
South County Dodge Chrysler Jeep,southcountyautos.com
LaFontaine Volvo Cars of Farmington Hills,volvofarmingtonhills.com
South Miami Fiat,fiatusaofsouthmiami.com
South Motors BMW,southbmw.com
Lake Elsinore Chrysler Dodge Jeep Ram,lakecdjr.com
South Motors Honda,southhonda.com
Lakeshore Chrysler-Dodge-Jeep Inc,lakeshorechryslerdodgejeep.com
South Motors INFINITI,southinfiniti.com
Lakeshore Honda,lakeshorehonda.com
South Motors MINI,southmini.com
Lakeshore of Picayune LLC,lakeshorechryslerdodgejeepramofpi
South Motors VW,southvw.com
Lakeside Toyota,lakesidetoyota.com
South Pacific Auto Sales,southpacificautosales.com
South Pacific Auto Sales,southpacificpowersports.com
Lamborghini Broward,lamborghinibroward.com
South Pointe Toyota,southpointetoyota.com
Lamesa Chrysler Dodge Jeep Ram,lamesadodge.com
Lamesa Chrysler Dodge Jeep Ram,lamesachryslerdodgejeepram.com
Lampe Chrysler Dodge Jeep Ram,lampedodge.com
Southern Auto Group,drivingsouthern.com
Lancaster Dodge,lancasterdodge.com
Lancaster Dodge,lancasterdodge.net
Southern Buick-GMC Lynnhaven,southernbuickgmc.com
Land Rover Alexandria,landroveralexandria.com
Land Rover Hinsdale,landroverhinsdale.com
Southern Chevrolet,southern-chevrolet.com
Southern Chrysler Dodge Jeep,southernchryslerdodgejeep.net
Southern GMC - Greenbrier,southerngmc.com
Land Rover Jaguar Mission Viejo,jaguarmissionviejo.com
Land Rover Jaguar Mission Viejo,landrovermissionviejo.com
Southern Greenbrier Chrysler Jeep,southernchryslerjeepgreenbrier.c
Land Rover Jaguar Newport Beach,jaguarnewportbeach.com
Land Rover Jaguar Newport Beach,landrovernewportbeach.com
Southern Kia Greenbrier,southernkiagreenbrier.com
Land Rover Las Vegas,lrlv.com
Southern Kia Lynnhaven,southernkialynnhaven.com
Land Rover North Dade,landrovernorthdade.com
Southern Norfolk Airport Dodge Chrysler Jeep Ram,southernchryslerjeepdodge.com
Land Rover Of Farmington Hills,landroverfarmingtonhills.com
Southern Pines Chevrolet Buick GMC,southernpinesauto.com
Southern Pre-owned Car & Truck Liquidation Outlet,autoliquidationoutlet.com
Land Rover South Dade,landroversouthdade.com
Southern Volkswagen Greenbrier,southernvolkswagengreenbrier.com
Land Rover Virginia Beach,landrovervirginiabeach.com
Southfork Chrysler Dodge Jeep Ram,houstonchryslerdodgejeepram.com
Land Rover of Naperville,landroverofnaperville.com
Southside Kia,southsidekiajax.com
Landers Chevrolet of Norman,landerschevroletnorman.com
Landers Chevrolet of Norman,landerschev.com
Landers Chevrolet of Norman,landerschevroletnorman.financing
Southwest Auto Sales,drivesouthwest.com
Landers Chrysler Dodge Jeep Ram Norman,landerscdjrnorman.com
Southwest Ford,southwestford.com
Landers Chrysler Dodge Jeep Southaven,landersdodgesouthaven.com
Spartanburg Dodge,spartanburgchryslerdodgejeep.com
Landers Dodge Chrysler Jeep,golanders.com
Landmark Athens Chrysler,athensdodgeramchryslerjeep.com
Landmark Chrysler Dodge Jeep Ram Of Atlanta,landmarkcdjrofatlanta.com
Speck Hyundai of Tri Cities,speckhyundai.com
Larchmont Chrysler-Jeep-Dodge,larchmontchryslerjeepdodge.com
Speedway Chevrolet,speedwaychevrolet.com
Lardners Trailer Sales,lardners.com
Spirit Chrysler Dodge Jeep,spiritchryslerjeepdodge.com
Laredo Dodge Chrysler Jeep,laredochryslerdodgejeep.com
Sport Dodge,sportdodge.net
Larry Hopkins Honda,larryhopkinshonda.com
Larry Hopkins Honda,secure03.dealereprocess.net
Spreen Acura,spreenacura.com
Larry Roesch Chrysler Jeep Dodge RAM,larryroeschchryslerjeepdodge.com
Larry Roesch VW Bensenville,larryroeschvw.com
Spreen Honda,spreenhonda.com
Las Vegas Mitsubishi,lvmitsubishi.com
Spreen Mazda,spreenmazda.com
Lash Volkswagen of White Plains,lashautogroup.com
Springfield Acura,springfieldacura.com
Springhill Toyota,springhilltoyota.com
Leavens Volkswagen,leavensvw.com
Stanley Auto Group,stanleyautogroup.com
Lee Chrysler Dodge Jeep Ram,leechryslerdodgeramjeep.com
Lee's Summit Dodge Chrysler Jeep,leessummitchryslerjeepdodge.com
Stanley Chevrolet Buick GMC,stanleygm.com
Legacy Chrysler Dodge Jeep Ram,legacycdjr.com
Stanley Chrysler Dodge Jeep Gatesville,stanleycdjrgatesville.com
Legg Motor Company,leggmotors.com
Stanley Chrysler Dodge Jeep Ram Brownfield,stanleycdjrbrownfield.com
Lehman Auto Credit Depot,lehmanautocreditdepot.com
Stanley Chrysler-Dodge-Jeep-Brownwood,stanleycdjrbrownwood.com
Stanley Chrysler-Dodge-Jeep-Brownwood,stanleychryslerdodgejeepbrownwood.com
Lehman Buick GMC,lehmanbuickgmc.com
Stanley Ford Brownfield,stanleyfordbrownfield.com
Stanley Ford McGregor,stanleyfordmcgregor.com
Lehman Hyundai,lehmanhyundai.com
Starling Chevrolet,starlingchevycadillac.com
Lehman Mitsubishi,lehmanmitsubishi.com
Lehman Mitsubishi,mobile.lehmanmitsubishi.com
Starling Chevrolet of orlando,starlingchevy.com
Lehman Subaru,lehmansubaru.com
Step One Automotive Group,steponeautomotive.com
Leisure Days Kingston,leisuredayskingston.ca
Stephen Automall Centre,ctautomall.com
Leisure Days Moncton,leisuredaysmoncton.ca
Stephen Toyota,stephentoyota.com
Leisure Days RV Centre Kitchener,leisuredayskitchener.ca
Stephens Chrysler Jeep Dodge of Greenwich,stephensofgreenwich.com
Leisure Days Truro,leisuredaystruro.ca
Sterling BMW,sterlingbmw.com
Steve Hopkins Honda,stevehopkinshonda.com
Lewis Chrysler Dodge Jeep Ram,lewischryslerdodge.com
Lewis Super Store,lewissuperstore.com
Steve Landers Chrysler Dodge Jeep,landerscountry.com
Lewisville Autoplex,lewisvilleautoplex.com
Steven KIA,stevenkia.com
Lexington Park Ford,lexingtonparkford.com
Steven Nissan,stevennissan.com
Lexus Monterey Peninsula,lexusmontereypeninsula.com
Lexus Of Atlantic City Inc,lexusofatlanticcity.com
Steven Toyota,steventoyota.com
Stewart Chrysler Dodge Jeep Ram,stewartchryslerdodgejeepram.com
Lexus Of Englewood,LEXUSOFENGLEWOOD.COM
Lexus Of Englewood,lexusofenglewood.com
Stockton Hyundai,stocktonhyundai.com
Stockton Hyundai,stocktonhyundai.net
Lexus of Lakeridge,lexusoflakeridge.com
Lexus of North Miami,lexusofnorthmiami.com
Stokes Honda Cars of Beaufort,stokeshondabeaufort.com
Lexus of Pembroke Pines,lexusofpembrokepines.com
Stokes Toyota of Beaufort,stokestoyotabeaufort.com
Lexus of Richmond Hill,lexusofrichmondhill.com
Stoneridge Chrysler Jeep Dodge of Dublin,stoneridgechryslerjeepdodgeofdub
Lexus of Smithtown,lexusofsmithtown.com
Stouffville Chrysler,stouffvillechryslerdodgejeepram.
Lexus of Southampton,lexusofsouthampton.com
Stouffville Toyota,stouffvilletoyota.com
Liberty Auto City,libertyjeepchrysler.com
Stratford Motor Products,buysmp.com
Liberty Auto Subaru,libertyautocitysubaru.com
Liberty Chrysler Jeep Dodge Ram,libertychryslerjeepdodgeram.com
Stuteville of Poteau Chrysler Dodge Jeep Ram,stutevillepoteaucdjr.com
Liccardi Chrysler Dodge,liccardichryslerdodge.com
Liccardi Chrysler Dodge,WWW.LICCARDICHRYSLERDODGE.COM
Subaru Fort Walton Beach,subaruftwaltonbeach.com
Lilliston Chrysler Dodge Jeep Ram,lillistonchryslerdodgejeep.com
Subaru Of Orange Park,subaruoforangepark.com
Limbaugh Toyota,limbaughtoyota.com
Subaru of Bend,subaruofbend.com
Subaru of Pembroke Pines,subaruofpembrokepines.com
Lindsay Cadillac,lindsaycadillac.com
Sullivan Cadillac,sullivancadillac.com
Sullivan Motors,sullivanmotorsusa.com
Sunrise Chevrolet,drivesunrisechevy.com
Sunrise Chevrolet (Garber),sunrisechevrolet.com
Sunrise Volkswagen Inc,sunrisevolkswagen.com
Sunset Country Ford Ltd.,sunsetcountryford.com
Sunset Ford,sunsetfordstlouis.com
Sunset Ford,sunsetautocofordfd.cms.dealer.com
Sunset Ford of Waterloo,sunsetfordwaterloo.com
Sunset Kia Of Venice,sunsetkiavenice.com
Suntrup KIA South,suntrupkiasouth.com
Superior Dodge Chrysler Jeep,superiorfivestar.com
Superior Dodge Chrysler Jeep Ram of NW Arkansas,superiorautomall.com
Superior Ford,superiorfordnwa.com
