102090,Green Country Mitsubishi
102933,Greenville Luxury
101838,Greenville Toyota
101712,Greenway Auto Group Enterprise Reporting
103161,Greenwich Honda
103223,Greer Auto Group Enterprise Reporting
108396,Greg's Auto Sales
107486,Gresham Subaru
107844,Grieco AG Enterprise Reporting
107772,Grieco BMW of Newport
107760,Grieco Chevrolet Fort Lauderdale
107790,Grieco Chevrolet of Delray Beach
107769,Grieco Chrysler Jeep Dodge Ram
107721,Grieco Ford of Delray Beach
107718,Grieco Ford of Fort Lauderdale
107715,Grieco Ford of Raynham
107766,Grieco Honda
107712,Grieco Kia of Delray Beach
107709,Grieco Kia of Johnston
107763,Grieco Mazda Delray
107847,Grieco Toyota
100561,Griffin's Hub Chrysler Jeep Dodge
102470,Griffis Motors, Inc
102509,Grimsby Hyundai
103252,Groove Ford
102411,Groove Mazda
103251,Groove Toyota
103958,Groppetti Auto Enterprise Reporting
102721,Grossman Auto Group Enterprise Reporting
102720,Grossman Chevrolet
102719,Grossman Nissan
100009,Gubagoo
100759,Gubagoo - Humberview Test
100268,Gubagoo Inc
105389,Gubagoo Marketing Facebook Marketplace
105792,Gubagoo Marketing Promo
104746,Gubagoo Test Install #5
104749,Gubagoo Test Install #6
103307,Gubagoo Volkswagen Test Account
102797,Gulfgate Dodge
102423,Gunn Acura
102441,Gunn Automotive Enterprise Reporting
102424,Gunn Honda
102083,Gunn Nissan
100891,Haasz Automall Dalton
100518,Haasz Automall, LLC
104344,Haley Auto Group
103953,Haley Chevrolet
106074,Haley Chrysler Dodge Jeep Ram
104091,Haley South Ford
103365,Hall Chevrolet Buick Prosser
103419,Hanania Auto Group Enterprise Reporting
108774,Harbin Automotive
108777,Harbin Chevrolet Scottsboro
108792,Harbin Motor Company
101750,Harbor Nissan
104272,Hardin Chevrolet
107742,Hardy Chevrolet Buick GMC
107784,Hardy Family Ford
107667,Hare Chevrolet
105822,Harr Chrysler Jeep Dodge Ram
105819,Harr Toyota
102635,Harris Oceanside Chevrolet Buick GMC Ltd.
106557,Haus Auto Group
104038,Hawkinson KIA
104011,Hawkinson Nissan
103302,Hayes CDJ (Lawrenceville)
103298,Hayes CDJ 3115 Frontage
100994,Hayes Jeep
105632,Hayes Motor Company
104401,Headquarter AG Enterprise Reporting
104391,Headquarter Honda
104347,Headquarter Mazda
104012,Heartland Ford Sales Ltd.
100989,Hebert's Town & Country Chrysler Dodge Jeep Ram
104456,Heffner Lexus Toyota
101210,Heggs Chrysler Jeep Dodge Ram
106455,Heggs Jeep
102566,Helfman Dodge Chrysler Jeep
101894,Helfman Ford
102736,Helfman Imports
101896,Helfman of Sugar Land
100166,Helms Bros Mercedes
103168,Hemet CDJR
103234,Hempstead Ford Lincoln
103924,Henderson Kia
107673,Henderson Nissan
104286,Hendersonville Chrysler Dodge Jeep RAM
103809,Hendrick AG Enterprise Reporting
103449,Hendrick Atlanta
103448,Hendrick CJDR of Duluth
104926,Hendrick Chevrolet Shawnee Mission
104257,Hendrick Concord Toyota
102042,Hendrick Hoover Automall
102041,Hendrick Hoover Chevrolet
101202,Hendrick Hoover Chrysler Dodge Jeep Ram
107178,Hendrick Kia of Charlotte
103841,Hendrick Nissan Kansas City
103645,Hendrick Volkswagen Frisco
106133,Henna Chevrolet LP
102127,Hennessy Lexus Of Atlanta
102955,Hennessy Porsche Of North Atlanta
108342,Herb Easley Motors Inc
105179,Heritage Ford
102413,Herrin-Gear BMW of Jackson
107565,Herson's Honda Inc
107562,Herson's Kia
108654,Heuberger Motors Inc
107238,Hickory Mazda
104507,Hickory Used Car Superstore
103928,High Level Motor Products
104366,Highland Nissan
102432,Hiley Mazda of Hurst
102381,Hilton Head BMW
100934,Hoffman Chrysler Jeep Dodge
103452,Hoffman GM
104453,Hollywood Chrysler Jeep
104311,Holm Automotive Center
101931,Holmes Motors
102328,Holmes Motors Montgomery
100629,Holzhauer Auto & Motorsports
105635,Homer Skelton Chrysler Dodge Jeep
106782,Homestead Hyundai
108027,Honda Aeropuerto
102148,Honda Cars of Aiken
106833,Honda Cars of Katy
108030,Honda Chilpancingo
100091,Honda City
108588,Honda Coyoacán
108033,Honda Escénica
108807,Honda Miramontes
102270,Honda Of Annapolis
104478,Honda Of Conyers
107325,Honda Of El Cerrito
104971,Honda Of Hollywood
105626,Honda Of Lake City
104269,Honda Of Princeton
103178,Honda Of Tiffany Springs
108585,Honda Optima
106446,Honda Superstore Of Joliet
108024,Honda Texcoco
108579,Honda Visión
104271,Honda World Downey
108021,Honda Xochimilco
103070,Honda de San Juan
102382,Honda of Bay County
106383,Honda of Downtown Chicago
105789,Honda of El Cajon
108318,Honda of Fort Myers
100218,Honda of Gainesville
101515,Honda of Marysville
100182,Honda of Ocala
103305,Honda of Owings Mills
101234,Hooman AG
103500,Hoover Chrysler Summerville
104708,Hopkins Acura Of Fairfield
108666,Hornburg Land Rover Jaguar Los Angeles
108135,Hornburg Land Rover Jaguar Santa Monica
106911,Hub City Volkswagen
102211,Hudson Cadillac Buick GMC
103492,Hudson Ford
101638,Hudson Valley Chrysler Dodge Jeep Ram
102267,Huffines Chrysler Jeep Dodge
102749,Huffines Chrysler Jeep Dodge Lewisville
104242,Hughes Honda
104221,Humble Hyundai
103025,Hunter Automotive Group
103024,Hunter Hyundai
103023,Hunter Nissan
103022,Hunter Subaru
108441,Huntersville Ford
100773,Huntington Beach Chrysler Dodge Jeep Ram
104525,Huntington Beach Ford
103828,Huntington Honda
102577,Hurd Automall
103037,Hurst Mitsubishi
103566,Huston Cadillac Buick GMC
103799,Huston Chevrolet
104528,Hyundai City
104352,Hyundai Of El Paso
107703,Hyundai Of Everett
102169,Hyundai Of New Port Richey Certified Used Cars
102988,Hyundai Of Orange Park
103864,Hyundai of Bedford
101460,Hyundai of Greer
102153,Hyundai of New Port Richey
106326,Hyundai of North Charleston
101498,Hyundai of Wesley Chapel
108312,I auto partners Inc.
103285,I-10 CHRYSLER DODGE JEEP RAM
107396,I-10 Toyota
106271,I-5  RV
103926,I-75 Autos
106157,I-75 Autos Tampa
104008,I-90 Nissan
102926,I20 Chrysler Dodge Jeep Ram
108006,INFINITI Guadalajara
107934,INFINITI Milwaukee
107937,INFINITI North Shore
103042,INFINITI Of Ardmore
104274,INFINITI Of Oceanside
103810,INFINITI Of Orange Park
104447,INFINITI ROSEVILLE
103944,INFINITI of Baton Rouge
104908,INFINITI of Central Arkansas
104687,INFINITI of Las Vegas
104434,INFINITI of Macon
105524,INFINITI of Spokane
104162,INFINITI of Tampa
103041,INFINITI of West Chester
100560,IRA Subaru
100548,IRA Toyota Of Manchester
100545,IRA Toyota of Danvers
100577,IRA Toyota of Tewksbury
102439,ISTN, Inc.
106905,Ilderton Vans
102735,Independence Mazda
104448,Infiniti Of Elk Grove
104857,Infiniti of Lafayette
107411,Infiniti of South Mississippi
104512,Ingram Park Auto Ctr Pre Owned
102547,Ingram Park Chrysler Jeep Dodge
102567,Ingram Park Mazda
102558,Ingram Park Nissan
103324,Insports
104184,International AG Enterprise Reporting
107700,International Autos
104084,International BMW
101129,Interstate Dodge Inc
102010,Interstate Hyundai
104270,Inver Grove Ford Lincoln
106896,Inver Grove Hyundai
100462,Ira Lexus of Danvers
103956,Island AG Enterprise Reporting
103210,Island Acura
103920,Island Auto Group Portal
103533,Island CDJR
103914,Island Chrysler Dodge Jeep Ram
103913,Island Kia
108405,Island Luxury Cars
103915,Island Mazda
103916,Island Subaru
103917,Island Toyota
103918,Island Volkswagen
105774,J & S AutoHaus Group
105777,J & S Mitsubishi
102600,JN Auto Group Enterprise Reporting
101557,JTS Dodgeland
101560,JTS KIA
103179,JTs KIA of Rock Hill
108456,Jack Key Motor Co of Alamogordo LLC
106293,Jack Key Motor Company
104600,Jack Phelan Dodge Chrysler Jeep
102703,Jack Wilson Chevrolet Buick GMC
106365,Jack Wolf Chrysler Jeep Dodge
104666,Jackson Dodge Chrysler Jeep
108069,Jackson Motor Co
105542,Jacksons of Enid
102016,Jacky Jones Auto Group Enterprise Reporting
101974,Jaguar Land Rover Metro West
102643,Jaguar Land Rover Peoria
103116,Jaguar Land Rover Volvo of Tacoma
101844,Jaguar Minneapolis
104460,Jaguar Of Troy
105744,Jaguar Roanoke
103371,Jaguar Virginia Beach
103838,Jaguar of Las Vegas
102793,Jaguar of Naperville
100916,James Hodge Motors Inc
101387,Jay Wolfe Automotive Group
101230,Jeff Belzer Dodge Chrysler Jeep Ram
101454,Jeff Belzer KIA
101808,Jeff Belzer's Auto Group Enterprise Reporting
101231,Jeff Belzer's Chevrolet
103089,Jeff Belzer's New Prague CDJR
103143,Jeff Belzer's New Prague Chevrolet
103090,Jeff Belzer's New Prague Ford
101176,Jeff Belzer's Portal Site
105476,Jeff D'Ambrosio Auto Group
105930,Jeff D'Ambrosio Automotive Enterprise Reporting
105482,Jeff D'Ambrosio Chrysler Dodge Jeep Ram
105485,Jeff D'Ambrosio Mitsubishi
105488,Jeff D'Ambrosio Volkswagen
102947,Jeff Haas Mazda
104355,Jenkins AG Enterprise Reporting
104322,Jenkins Acura
105840,Jenkins Ford
104321,Jenkins Honda
104320,Jenkins Hyundai Of Leesburg
104324,Jenkins Hyundai Of Ocala
104196,Jenkins KIA Of Ocala
104341,Jenkins Kia Of Gainesville
104319,Jenkins Mazda
104332,Jenkins Nissan
104318,Jenkins Volkswagen
104089,Jennifer's Auto Sales
103003,Jennings Volkswagen
106341,Jeremy Franklin Mitsubishi
100219,Jerry Damson CDJR
106002,Jerry Seiner AG Enterprise Reporting
105233,Jerry Seiner Buick GMC North Salt Lake
105224,Jerry Seiner Buick GMC South Jordan
105230,Jerry Seiner Cadillac
105227,Jerry Seiner Chevrolet
105236,Jerry Seiner Kia Salt Lake
105239,Jerry Seiner Kia South Jordan
108357,Jerry's Hyundai
100948,Jet Ski of Miami
102044,Jidd Motors
105720,Jim Bass AG Enterprise Reporting
105672,Jim Bass Auto Group
105684,Jim Bass Ford
105666,Jim Bass Mazda
105669,Jim Bass Nissan
106530,Jim Bone Kia Of Santa Rosa
104920,Jim Browne Enterprise Reporting
103889,Jim Butler AG Enterprise Reporting
108801,Jim Butler Alfa Romeo
108813,Jim Butler Auto Plaza
100651,Jim Butler Chevrolet
108816,Jim Butler Chrysler Dodge Jeep Ram
108810,Jim Butler Fiat
100936,Jim Butler Kia
103661,Jim Butler Linn Chevrolet
108819,Jim Butler Maserati
105987,Jim Coleman AG Enterprise Reporting
105795,Jim Coleman Cadillac
104755,Jim Coleman INFINITI
106280,Jim Coleman Infiniti of Silver Spring
104376,Jim Coleman Toyota
102191,Jim Falk Lexus-Beverly Hills
105299,Jim Glover Auto Family
105173,Jim Glover Chrysler Dodge Jeep Ram
105296,Jim Glover Enterprise Reporting
102994,Jim Glover on the River
101999,Jim Hudson Lexus
104124,Jim Johnson AG Enterprise Reporting
103991,Jim Johnson Hyundai
103992,Jim Johnson Nissan
101832,Jim Keras Auto Group Enterprise Reporting
107928,Jim Lupient Infiniti
103604,Jim O'Neal Ford
101835,Jim Riehl's Cadillac
100581,Jim Riehl's Friendly Chry Jeep Inc
100580,Jim Riehl's Friendly Chrysler Dodge Jeep Ram
101837,Jim Riehl's Honda
101895,Jim Salerno Buick GMC
101582,Jim Shorkey Auto Group
101333,Jim Taylor Chevy/GMC
103296,Jim Thompson Chrysler
102388,Jim Tidwell Ford
104797,Jimmie Johnson Kearny Mesa Chevrolet
101139,Joe Cecconi's Chrysler Complex
105608,Joe Holland Volkswagen
103150,Joe Machens Ford
101520,John Amato Nissan
108099,John Eagle Acura
103054,John Greene Chrysler Dodge Jeep LLC
102750,John L. Sullivan Dodge Chrysler Jeep Ram
107583,John Sauder Chevrolet Ephrata
107586,John Sauder Chevrolet New Holland
106226,Johnnie Walker RV
101044,Johnny Roberts Motors Inc
104308,Johnson City Ford
103943,Johnson Dodge Chrysler Jeep
101057,Johnston Chrysler Fiat
102846,Jones Buick
102725,Jones Chevrolet
105347,Jordan Ford
104637,Jordan Toyota
104364,Jorgensen Ford Sales Inc
104009,Joseph Airport Hyundai
103970,Joseph Airport Toyota
106335,Joseph Chevrolet
101556,Jts Chrysler Dodge Jeep Ram
107541,Julio Jones Automotive
107262,Julio Jones Kia
107259,Julio Jones Mazda
103794,KIA Mall Of Georgia
104326,KIA Of Alliance
103807,KIA Of Bedford
103670,KIA Of Bradley
100635,KIA Of Union City
104974,KIA of Des Moines
105046,KIA of Waldorf
100853,Kahlo Chrysler Jeep Dodge
101810,Kanata Toyota
107664,KarMART Volkswagen of Maui
105756,Karl Klement Ford
108381,Kearny Mesa Infiniti
104181,Kearny Pearson Ford
104197,Kearny Pearson Kia
103668,Keating  Nissan
103669,Keating Honda
102644,Keene Dodge Chrysler Jeep
108039,Keffer AG Enterprise Reporting
102734,Keffer Chrysler Jeep Dodge Ram
102125,Keffer Hyundai
100953,Keffer Kia
102224,Keffer Mazda
102099,Keffer Volkswagen
104229,Keith White Ford-Lincoln
105019,Keller Ford Lincoln
108141,Kelley Sales & Service
108576,Kelly Jeep Chrysler Dodge Ram
101684,Ken Garff Auto Group Enterprise Reporting
101738,Ken Shaw Lexus
101737,Ken Shaw Toyota
100116,Kendall Chrysler Dodge Jeep Ram
107420,Kenny Ross AG Enterprise Reporting
107286,Kenny Ross Auto Group
107268,Kenny Ross Chevrolet
107265,Kenny Ross Chevrolet Buick GMC
107280,Kenny Ross Chevrolet Cadillac
107462,Kenny Ross Ford
107459,Kenny Ross Ford South
107277,Kenny Ross Mazda
107274,Kenny Ross Nissan
107283,Kenny Ross Subaru
107271,Kenny Ross Toyota
102942,Kenosha Nissan
103352,Key Auto Mall Portal
107997,Keyes AG Enterprise Reporting
104404,Keyes Audi
102198,Keyes European
103537,Keyes Honda
101513,Keyes Lexus
105284,Keyes Mission Hills Hyundai
103438,Keyes Motors Inc
103019,Keyes Toyota
105278,Keyes Woodland Hills Buick Cadillac
106443,Keyser and Miller Ford
104101,Keystone Chevrolet
105978,Keystone Volvo Cars of Berwyn
105981,Keystone Volvo Cars of Doylestown
105356,Kia Fort Walton Beach
104292,Kia Motors Of Old Saybrook
101462,Kia Of Greer
107199,Kia Of Orange
106229,Kia Of West Nyack
106166,Kia of Abilene
100358,Kia of Augusta
102489,Kia of Brampton
100402,Kia of Gastonia
101765,Kia of Greenville
107208,Kia of Laurel
103685,Kia of Murfreesboro
101927,Kia of Orange Park
107127,Kia of Portland on Broadway
102322,Kia of South Austin
101268,Kia of St. Cloud
108114,Kia of Streetsboro
102576,Kia of Vero Beach
103488,Killebrew Inc
103353,Kimberly BMW of Davenport
103520,Kimberly Car City
104649,King Ford Lincoln of Lenoir
103186,Kingston Dodge Chrysler (1980) Ltd.
108495,Kinsel Toyota
101918,Kipp Scott GMC Buick Cadillac
107244,Kitchener Ford
104569,Knight Auto Haus Volkswagen
104567,Knight Automotive Group
104863,Knight Automotive Group Enterprise Reporting
104669,Knight Chrysler Dodge Jeep RAM Weyburn
104610,Knight Chrysler Dodge Jeep Ram
103856,Knight Ford Lincoln
104663,Knight Nissan
104917,Knight RV
102952,Knox Automotive Enterprise Reporting
101589,Knox Chrysler Jeep Dodge
101588,Knox Ford
104457,Knudtsen Chevrolet Co
108762,Kocourek Audi
108765,Kocourek Hyundai
103949,Kocourek Kia
103950,Kocourek Nissan
106374,Kolosso Chrysler Jeep Dodge
104275,Koons Ford Lincoln of Annapolis
107982,Koons Mazda of Silver Spring
107955,Koons Silver Spring Ford Lincoln
107985,Koons of Silver Spring
107091,Kovatch Ford
102107,Kranz Family Chrysler
105148,Krause Family Ford of Woodstock
101049,Krebs Chrysler Jeep Dodge
104646,Krieger Ford Inc
104485,Kunes Country Chrysler Dodge Jeep Ram of Elkhorn
104381,Kunes Country Ford of Antioch
104484,Kunes Country of Oregon
100136,Kuni Honda
105151,Kurtis Chevrolet Inc
104373,Kyle Edwards AG Enterprise Reporting
104298,Kyle Edwards Buick GMC
104372,Kyle Edwards Chevrolet
104371,Kyle Edwards Chrysler Dodge Jeep Ram
104111,LA Car Guy
104989,LA Car Guy Enterprise Reporting
102568,LARRY H. MILLER HYUNDAI PEORIA
102435,LARRY H. MILLER NISSAN MESA
104334,LHM1000 Colorado Springs LIT/TCS

